,Neighborhood,Neighborhood Latitude,Neighborhood Longitude,Venue,Venue ID,Venue Latitude,Venue Longitude,Venue Category,Rating,Price tier,FS Venue ID,Price FS,Likes FS,Photos FS,Tips FS,Rating FS
0,Alhambra,34.093042,-118.12706,Lovebirds Cafe,0KeC2ioM5HM4VOHimzQrlA,34.0943260192871,-118.127487182617,Taiwanese,4.0,$,5d60a20dbde37a0008c34bca,[],1,16,1,[]
1,Alhambra,34.093042,-118.12706,Alhambra Farmers Market,K2Lf7yWTll38m-r-A_7ohw,34.0931223809471,-118.128167361012,Coffee Shop,4.0,$$,53bb56c3498e1eb378326cae,1,40,90,20,7.4
2,Alhambra,34.093042,-118.12706,Sprouts Farmers Market,-tX_rTfxcCV0dhx0hge6DA,34.095342,-118.125038,Burgers,3.5,$$,55fc485d498e81836932d7fe,1,22,27,4,7.6
3,Alhambra,34.093042,-118.12706,Bon Appetea Cafe,2xOKFfMqj3WRrxwZUJNRlw,34.0939206,-118.128958,Taiwanese,4.0,$,5d60a20dbde37a0008c34bca,[],1,16,1,[]
4,Alhambra,34.093042,-118.12706,Robeks,0qeuPidgfBedF4DOcYoQ4w,34.095221639352,-118.127198070288,Coffee Shop,3.5,$,4aca3687f964a520e4c020e3,1,47,61,20,7.3
5,Alhambra,34.093042,-118.12706,7 Leaves Cafe,IsnuQoc2QRvs0QSU0ZOxEg,34.09655,-118.12825,Coffee Shop,4.0,$,593c61c48c812a1b83486fa7,1,18,44,2,8.0
6,Alhambra,34.093042,-118.12706,Afters Ice Cream,nBo80s6dV7_JU5ivG7smdA,34.09452,-118.12744,Taiwanese,4.0,$,5d60a20dbde37a0008c34bca,[],1,16,1,[]
8,Altadena,34.1863161,-118.1352329,Oh Happy Days Natural Food Grocery and Cafe,zjQimOcE5oCFQIMyxUnfGg,34.185074,-118.1317891,Pizza,4.5,,4bad92c2f964a520725c3be3,1,4,5,2,[]
10,Altadena,34.1863161,-118.1352329,Dina's Dumpling,UautfMqctTK-DIku1HLa6g,34.1433296203613,-118.13916015625,Coworking Space,4.0,,4cd2d19b21d94688cf9fec90,[],0,1,1,[]
11,Altadena,34.1863161,-118.1352329,Grocery Outlet Bargain Market,ilT1-pF-NJQ50dVC4MXqcQ,34.18502,-118.13089,Pizza,4.0,,4bad92c2f964a520725c3be3,1,4,5,2,[]
12,Altadena,34.1863161,-118.1352329,Café de Leche,u2jgLe2_2EomYKKv9UVexg,34.1884019171711,-118.131645843387,Coffee Shop,4.0,,56c75c45498e09d2814cff2a,1,21,34,2,8.4
16,Altadena,34.1863161,-118.1352329,LA Paella Catering,UnDxcO63pxdmH7Vq615vIQ,34.0514008,-118.2569403,Italian,5.0,,4ad6af7bf964a520240821e3,3,151,363,93,8.7
17,Altadena,34.1863161,-118.1352329,GOT PAELLA,xInbYfhJbFlSMJ65mPerXA,34.0510292053223,-118.254531860352,New American,4.5,,577effa1498eccce05f8eb71,3,81,220,17,8.7
18,Altadena,34.1863161,-118.1352329,Chinese Laundry,ZhfgLXNNb2iZGQ5yntQ75A,34.06757,-118.24115,Restaurant,4.5,,51799dc3e4b0c3a56ac50772,2,1,3,0,[]
19,Altadena,34.1863161,-118.1352329,The Lobos Truck,GVt0MwAoQcuM06V_-fHkug,34.0583969,-118.1912081,BBQ,4.5,,595e89c7e2da191dcbdb6641,2,0,0,0,[]
21,Altadena,34.1863161,-118.1352329,Sus Arepas,qO3jSn18vzfOyzieqFpYyg,34.0309258,-118.2380432,Asian,4.0,,4b9c1ce4f964a520654b36e3,2,12,11,2,6.2
23,Altadena,34.1863161,-118.1352329,The Truck Stop,67a0GfT5QN8FnHYti5a1aQ,34.02449417,-118.3906535,Food Truck,5.0,,5aa8426912c8f07ec36e82d7,1,1,1,0,[]
24,Altadena,34.1863161,-118.1352329,Roobina's Cake,C-4pBx861b7pAmliTKIBQA,34.1598963,-118.2666852,Pizza,4.5,,4af4d08ff964a5207bf621e3,2,3,6,2,7.1
27,Altadena,34.1863161,-118.1352329,Chef C's Smhokin Pot,uJUVrZGEZ-mPudAFLzeCjg,33.91285,-118.35251,Diner,3.5,,4b3d3359f964a520229025e3,1,25,33,9,6.1
30,Arleta,34.2413266,-118.4322047,Tacos La Tehuanita,Ud0s3Ms7eVLVidoedb0Wxg,34.1211685401886,-118.205555453897,Asian,5.0,,5a9c747b16ef677e8131acf2,2,66,71,13,9.1
31,Arleta,34.2413266,-118.4322047,Okamoto Kitchen,WiTMRukKmLARoEoKdrV6Qg,34.1463062227897,-118.425396788406,Greek,4.0,,4ad28a33f964a52022e220e3,3,43,102,31,8.4
33,Arleta,34.2413266,-118.4322047,The Churro Man,GltjQhhK6gxApKZJncLYMg,34.2481903,-118.4481374,Pizza,5.0,,4c8da8745e38b1f704193cf9,1,4,6,3,6.6
35,Arleta,34.2413266,-118.4322047,The Bollywood Kitchen,pReCYRVIdVHX2JsRbzSCyg,34.09821,-118.35239,Mexican,4.5,,441bda53f964a5204b311fe3,2,337,484,146,8.8
43,Arleta,34.2413266,-118.4322047,Teddy's Red Tacos,IAzVa3gaOGeIKttZqphD2g,33.9894829,-118.262014,Food Truck,4.0,,56b087aa498e3a72fcc34cb8,1,3,7,4,[]
45,Arleta,34.2413266,-118.4322047,Tokyo Style Food Truck and Catering,PyivZWrHyYv4JQd9qGGrjw,33.97363,-118.24989,Mexican,4.5,,4c50c17e991c20a1f590a886,1,0,0,0,[]
46,Arleta,34.2413266,-118.4322047,Hungry Belly,PhLKdaPcU9IR7IE40niJ0w,34.0583969,-118.1912081,BBQ,3.0,,595e89c7e2da191dcbdb6641,2,0,0,0,[]
49,Arleta,34.2413266,-118.4322047,Chingón Catering,8iRZlmqNnEfnxp8twzEEqg,34.04582,-118.23774,Pizza,4.5,,5b6069701ffe97002c17d9ec,1,11,11,2,7.9
70,Artesia,33.8690197,-118.0796195,The Falafel Factory,tFD9LwJd9HszMpPM_GpGHQ,34.0690002441406,-118.350242614746,Fast Food,4.0,,4b6a1e9bf964a520bac82be3,1,10,46,2,6.3
73,Artesia,33.8690197,-118.0796195,Urban Espresso,qu8yFETeo4J8fMbf_7XV_Q,34.03983,-118.26855,Food Truck,4.5,,55676fa6498e1ae170cb2c21,1,2,4,1,[]
83,Artesia,33.8690197,-118.0796195,Pinch of Flavor,fv5M19-7YerFFXQxkPc0ig,34.0053558349609,-118.479789733887,Food Truck,4.0,,4f72614ae4b0a60ba4daf02f,1,0,7,1,[]
90,Artesia,33.8690197,-118.0796195,Baby's Badass Burgers,FWBeF6g78wwphRkG64ngvA,34.08841,-118.37783,Burgers,4.0,,56a58d8b498ebd48f477f100,2,349,409,46,8.9
103,Atwater Village,34.1163979,-118.2564637,Delmy's Pupusas,WAniScBQE5QEpAkp05s4jg,34.11817,-118.26001,Pizza,5.0,,5b8c361b3731ee0039a7c023,1,10,5,6,9.0
104,Atwater Village,34.1163979,-118.2564637,Atwater Village Farmers' Market,37VGvH5-V6F9-yt6jmvxpg,34.11749,-118.26037,Pizza,4.0,,5b8c361b3731ee0039a7c023,1,10,5,6,9.0
106,Azusa,34.1338751,-117.9056046,Yureka Boba & Tea House,sAOVYv00hOTqSbyvsk97zQ,34.13386,-117.90348,Japanese,4.5,,5585c61c498e7cd695c34018,2,0,5,1,[]
107,Azusa,34.1338751,-117.9056046,Congregation Ale House,f2eOii-ai9vTrEFZ13p8kA,34.13239,-117.90788,Coffee Shop,4.0,,562dad61498ee6761b857b61,1,40,75,6,9.0
108,Azusa,34.1338751,-117.9056046,Mantra Coffee & BnB,1AX4qwYPovubqQzlFeRyBw,34.1323,-117.90921,Coffee Shop,4.5,,562dad61498ee6761b857b61,1,40,75,6,9.0
109,Azusa,34.1338751,-117.9056046,Smart & Final Extra!,gCXxmoma-13vkS5mR1oOLg,34.13386,-117.90456,Coffee Shop,3.0,,5bdca9d331fd14002c7d2887,1,0,0,0,[]
110,Baldwin Hills/Crenshaw,34.0231764,-118.33424785873697,King Donut,g2aZQUkBmYgGHR6MEQKtlQ,34.02785,-118.33541,Vegetarian / Vegan,5.0,,59c020e7c0cacb3ed748e412,2,3,5,0,[]
111,Baldwin Park,34.0854739,-117.9611761,Acai Joint,YZfcOKZbd1x5cx53UBQtpw,34.09071,-117.96082,Himalayan,5.0,,552ee501498e3682b65c7aa8,[],2,0,0,[]
138,Bell,33.9747806,-118.1866361,Mac n' Cheese Rebel,ybD4vMxuQXacD95Km90I9Q,34.1217589601142,-118.206167250797,Food Stand,5.0,,5e1fec5ea2927200088119a0,[],0,1,0,[]
140,Bell,33.9747806,-118.1866361,Cevicheria Las Olas,LaDvCou_5_tl7l1Ss3wFNw,34.0457214,-118.2626597,Diner,4.5,,4394dc84f964a520862b1fe3,2,551,1067,242,8.3
143,Bell,33.9747806,-118.1866361,Habibi Yalla,pS5J9UM8jQU-_LUahJPrmA,34.1536786790855,-118.465582267058,New American,5.0,,54ba9948498e312c6dc21e6a,4,118,158,25,7.9
149,Bell,33.9747806,-118.1866361,La Kubanita,DhYp23R5w6Y7yBZXCj1bdQ,34.0739886,-118.3442147,Sushi,5.0,,52a1109511d259ebdd3949bb,2,248,112,31,9.0
151,Bell,33.9747806,-118.1866361,Mix Bowl Heroes,9o7Nbvef7WjzR8UHZcMuDA,34.12116,-118.20679,Coffee Shop,5.0,,5c04317d7564f7002cd0e61f,1,13,15,2,8.8
153,Bell,33.9747806,-118.1866361,Billionaire Burger Boyz,1ON2XXttBB7k5Z5LvZrVlw,33.8893305,-118.2074657,Fast Food,4.0,,5ce072c7f4b525002c152e98,1,1,0,1,[]
156,Bell,33.9747806,-118.1866361,Poutine Brothers,elP62NxBVs2v_OKXozQZuA,34.04375,-118.2666,American,5.0,,4a941d90f964a520712020e3,3,93,319,140,6.9
157,Bell,33.9747806,-118.1866361,Fries First,2uISFQHKKLPmF27myEX2rA,34.05349,-118.24532,Food Truck,5.0,,5404dcc1498e0e488dbdd1eb,1,1,3,3,[]
165,Bell,33.9747806,-118.1866361,The F Truck,ougNefTVrmlv0Z1ZID8kfw,34.06757,-118.24115,Restaurant,5.0,,51799dc3e4b0c3a56ac50772,2,1,3,0,[]
170,Bell,33.9747806,-118.1866361,Kings Wings,ST5Tywv-cVpPDpAd12eKmg,34.09996,-118.32698,Coffee Shop,4.5,,59907ef703132008e42d6c90,1,1,2,0,[]
171,Bell,33.9747806,-118.1866361,Amazebowls,9FKUUqtp58x6nIRNgEJ45w,34.0235667,-118.2833972,Irish,4.5,,5be61b37ee7120002c77a583,[],3,4,1,[]
177,Bell,33.9747806,-118.1866361,Wing Society,9Zx9FRtyZvnSKJjh6VJNgg,33.97397,-118.24989,Mexican,4.0,,4c50c17e991c20a1f590a886,1,0,0,0,[]
184,Bell,33.9747806,-118.1866361,El Güeros Truck,eWc08uA2v_PNWFiMKkJijw,34.03469,-118.25078,Chinese,2.5,,4a1999dbf964a5202a7a1fe3,1,29,27,15,8.2
186,Bell,33.9747806,-118.1866361,Super Smash Buns,w1Fsyx1cEfHwTTKRMdu5Lw,34.099895,-118.329008,Burgers,3.5,,4afe5a4bf964a520372f22e3,2,497,679,195,8.7
218,Bell Gardens,33.9694561,-118.1503953,Los Angeles Shave Ice Truck,IdvKPkAnraeMMj3q17yUbA,34.07663,-118.26483,Coffee Shop,4.5,,5aad81e7826444162785e303,1,15,62,2,8.4
219,Bell Gardens,33.9694561,-118.1503953,Wicked Fish Tacos,INU2x0b0IaQLs4Z1efcQOA,33.9912132,-118.4675316,Coffee Shop,4.0,,49ee2919f964a5202e681fe3,1,1292,2257,413,9.1
222,Bell Gardens,33.9694561,-118.1503953,Richeeze,ukDSCMJdIOYEwMTczJbUWA,34.05843,-118.3057,Korean,3.5,,567f6684498e025b6637c249,2,40,58,2,8.8
223,Bell Gardens,33.9694561,-118.1503953,Big Green Bowl,3n4EVYqAaUFw806F7H9jBw,34.0173149108887,-118.492622375488,American,4.5,,4ea4aa88490102dac38dadf2,3,232,499,83,8.7
224,Bell Gardens,33.9694561,-118.1503953,Roni Macaroni,nC0DkdGmpkoV0r4Nu55ffQ,34.199951171875,-118.484283447266,Food Truck,3.5,,5171ac8d498ebc99da76346d,1,0,0,0,[]
229,Bell Gardens,33.9694561,-118.1503953,Main Squeeze Lemonade,xJGvtwAH-NYRrV6VmyDTSA,34.0990982055664,-118.330963134766,Asian,3.5,,58b38eb4fef5fa7793694e38,2,109,530,25,8.6
231,Beverly Hills,34.0696501,-118.3963062,Cinderella Cakes,FR916SUU_GxuISqfHJbe1Q,34.064574,-118.398779,Coffee Shop,5.0,,4afcb040f964a5201b2522e3,1,90,136,23,7.6
233,Beverly Hills,34.0696501,-118.3963062,Kreation Organic Juicery,rpTNjVoFaeuydA_cm1D01w,34.06513,-118.3994715,Coffee Shop,4.0,,58a485080593e16c4581b8c7,1,76,138,12,9.2
235,Beverly Hills,34.0696501,-118.3963062,Mainland Poke,MHHGYyex5EREmS8x0pBytQ,34.0659928,-118.3989851,Coffee Shop,3.5,,58a485080593e16c4581b8c7,1,76,138,12,9.2
236,Beverly Hills,34.0696501,-118.3963062,Clementine,dz85m3r0d_F9PZmo_J9T2w,34.0741959,-118.3990092,Coffee Shop,3.0,,5061c106e4b0ae4d63d6d2c4,1,26,25,4,6.4
237,Beverly Hills,34.0696501,-118.3963062,Fatamorgana Gelato,Y6ooSx2MJ50P-n0RaQIiEw,34.06525,-118.39876,Coffee Shop,4.5,,58a485080593e16c4581b8c7,1,76,138,12,9.2
238,Beverly Hills,34.0696501,-118.3963062,Planet Smoothie,fbdrNraGmzw1L5NVYuTfSA,34.065117,-118.399261,Coffee Shop,4.5,,58a485080593e16c4581b8c7,1,76,138,12,9.2
239,Beverly Hills,34.0696501,-118.3963062,Chaumont,cdYzAq8bjmgbxd5EyZHioA,34.0660897,-118.3992622,Coffee Shop,4.5,,58a485080593e16c4581b8c7,1,76,138,12,9.2
240,Beverly Hills,34.0696501,-118.3963062,Sweet Beverly,HWsz0SGMBUDBZHRwoJMG8Q,34.0680926,-118.3995857,Greek,4.0,,5ae032b14f0e584dc06b0dbf,2,67,225,24,8.9
241,Beverly Hills,34.0696501,-118.3963062,Blue Bottle Coffee,pE1d3vrsog0_EdXSS8DIcw,34.06583,-118.39872,Coffee Shop,4.0,,58a485080593e16c4581b8c7,1,76,138,12,9.2
243,Beverly Hills,34.0696501,-118.3963062,A Divine H2O,OjYWkn-qpZ_Koz3EPEvX1g,34.09373,-118.377857,Salad,4.5,,599ce0b45d891b017bc0770f,1,12,11,2,7.9
244,Beverly Hills,34.0696501,-118.3963062,Hansen's Cakes,nZyAukhUSKV1k8g_WjyUOQ,34.0651634,-118.3992549,Coffee Shop,3.0,,58a485080593e16c4581b8c7,1,76,138,12,9.2
247,Beverly Hills,34.0696501,-118.3963062,Acai Dream Bowl Truck,jWHkyruIrYdXAsbXrghQ3g,34.0162709608561,-118.490619000437,Burgers,4.5,,4bad0a75f964a52081273be3,2,559,851,283,8.4
249,Beverly Hills,34.0696501,-118.3963062,Bird Coma,ls9YvfUCBusDVo7syIJzfQ,34.22366,-118.36829,Tacos,4.5,,4ddea1c4b0fbc2c4ef07b388,1,1,5,1,[]
250,Beverly Hills,34.0696501,-118.3963062,Pico House,AYVF5b5CI0yDgDGbpw4t2w,34.0324287414551,-118.359230041504,Southern / Soul,5.0,,5bc2a69d1ffed7002bceb53c,1,12,21,2,7.7
266,Brentwood,34.0521403,-118.4740699,Brentwood Village Farmers Market,DXnnCqQklQNJ_Vi5d-SVAA,34.0505114,-118.4751869,Breakfast,4.0,,4e29c3381fc7a2c3b7cde209,1,0,1,1,[]
267,Brentwood,34.0521403,-118.4740699,Nut Market CA,aC6PPyFSNCL2i8aqw96X7w,34.0505114,-118.4751869,Breakfast,5.0,,4e29c3381fc7a2c3b7cde209,1,0,1,1,[]
268,Brentwood,34.0521403,-118.4740699,Alfred Coffee Brentwood,Y9Sf4yCo2XF_ZwiPAFUbTw,34.0524516,-118.4703409,Coffee Shop,3.5,,53dad9a3498e7e54c959dbac,1,142,118,19,8.9
270,Brentwood,34.0521403,-118.4740699,Beiseker's Family Foods,r9OBoNxHxZSOgx414ezx1w,34.0506306,-118.4751281,Breakfast,5.0,,4e29c3381fc7a2c3b7cde209,1,0,1,1,[]
271,Burbank,34.1816482,-118.3258554,Half Baked Co,dSCh8Xq_5vLyZETkFLHkOA,34.183175,-118.324814,Mexican,4.5,,4b07137af964a520bdf622e3,2,31,62,12,7.7
280,Burbank,34.1816482,-118.3258554,Tacos Palacios,ga1GBiOnCTgRAYwx1j3dyQ,34.151939,-118.361105,Breakfast,4.5,,52fead7f498e115575b6d955,1,38,31,12,8.1
289,Burbank,34.1816482,-118.3258554,Charlie's Wieners,c5s5kFiuj2hXjX8w395iEA,34.17887,-118.46154,Thai,4.0,,4a904ec8f964a520321720e3,1,13,10,10,7.7
323,Carthay,34.0561214,-118.3734109,Green Table Cafe,2l9leXGEP_HRlW5GI92hFQ,34.0522237,-118.37115,Coffee Shop,4.5,$$,58d7db3e5cab2f0222f6d711,1,17,11,5,8.0
324,Carthay,34.0561214,-118.3734109,Tacos & Tamales,yRP8Zscume4n8pBDrTIcKA,34.0521354675293,-118.371482849121,Coffee Shop,4.5,$,58d7db3e5cab2f0222f6d711,1,17,11,5,8.0
325,Carthay,34.0561214,-118.3734109,Nick's Coffee Shop,XR5S7kMZKyQBuW_bNe_sag,34.0532,-118.37709,Kosher,4.0,$$,5b32e72cccad6b002c17a221,[],18,8,4,9.1
326,Century City,34.0574263,-118.4147267,Beaming Organic Superfood Café,js8C037RkvYP2wSkAFfhLw,34.059948,-118.419068,Gourmet,4.0,,59fa2b719deb7d4089b0ee62,[],194,347,23,9.1
327,Century City,34.0574263,-118.4147267,Om Nom Organics,1Iq0_j4o5HMNM0mN31dHow,34.057095,-118.4174512,Chinese,4.0,,5ab54763b25fee59a956539f,1,92,182,18,9.1
328,Century City,34.0574263,-118.4147267,Mrs. Winstons - LA's Best Salad & Juice Bar,IqLiTfDobX9sKdzeCXh7kg,34.05882,-118.41698,Chinese,4.5,,5ab54763b25fee59a956539f,1,92,182,18,9.1
329,Century City,34.0574263,-118.4147267,Century City Farmers Market,_o982m2VrnNk7FwNV4G64A,34.0614627199178,-118.417134801721,Farmer's Market,4.0,,4ac5108ef964a52044a020e3,[],54,178,29,8.3
330,Century City,34.0574263,-118.4147267,Sunlife Organics,8yHo0qvjOPD3vL_8tQZiew,34.0599599,-118.41982,Gourmet,3.5,,59fa2b719deb7d4089b0ee62,[],194,347,23,9.1
332,Century City,34.0574263,-118.4147267,Caffe Paraggi,F8LYI5dCn0fLEaOgq0cvQg,34.06134,-118.4137,Coffee Shop,4.5,,4b041335f964a520405122e3,2,19,191,2,7.1
333,Century City,34.0574263,-118.4147267,Redstraw,mcH_X4iBsdKiQ4ipdHiyeQ,34.0599599,-118.41982,Gourmet,4.0,,59fa2b719deb7d4089b0ee62,[],194,347,23,9.1
334,Century City,34.0574263,-118.4147267,Let's Roll,YykbSot-PVz_Z8SN19TiQQ,34.060569,-118.414713,Coffee Shop,3.0,,4b041335f964a520405122e3,2,19,191,2,7.1
335,Century City,34.0574263,-118.4147267,Bacio di Latte,e_YoGG-3MFQpig1rJ54BjQ,34.0599599,-118.41982,Gourmet,4.5,,59fa2b719deb7d4089b0ee62,[],194,347,23,9.1
336,Century City,34.0574263,-118.4147267,Starbucks,qcdUOqVRO846IDhNhk6wuw,34.06101,-118.41492,Coffee Shop,3.5,,4b041335f964a520405122e3,2,19,191,2,7.1
337,Century City,34.0574263,-118.4147267,Viktor Bene's Bakery,DpkQr52N-EZwGOKfXShIZw,34.05903,-118.418855,Gourmet,4.0,,59fa2b719deb7d4089b0ee62,[],194,347,23,9.1
338,Century City,34.0574263,-118.4147267,Rori's Artisanal Creamery,bxBeTVgP5vDB0r-KUtGeiA,34.0599599,-118.41982,Gourmet,4.5,,59fa2b719deb7d4089b0ee62,[],194,347,23,9.1
344,Chinatown,34.0637846,-118.2358713,Lately,qYTcYZbf89idHDJGihC9hw,34.065730347123,-118.236331052791,Dim Sum,4.5,,4b6aa855f964a52016db2be3,2,43,168,14,7.3
345,Chinatown,34.0637846,-118.2358713,Suehiro Mini,cKbwVOuYVnNy91TO5ZYJOQ,34.059723,-118.239036,Ramen,5.0,,5b5686c34a7aae002c3cd445,[],6,23,2,7.1
346,Chinatown,34.0637846,-118.2358713,Chimney Coffee House,bQVi5mgjyCiS-mr8TMjByw,34.0634679790647,-118.23281378532,Coffee Shop,4.0,,4d05680c347da1cde2dc308f,1,65,175,29,8.2
347,Chinatown,34.0637846,-118.2358713,Than Huu Sandwich,5Wve9uKahRelyyNaTFDBAg,34.0626106262207,-118.236953735352,Chinese,4.0,,49ed71e7f964a520eb671fe3,1,112,261,56,7.8
348,Chinatown,34.0637846,-118.2358713,LAX-C,hBWDuQxATXTeGXsLGA-aqg,34.06316,-118.23256,Coffee Shop,3.5,,4d05680c347da1cde2dc308f,1,65,175,29,8.2
349,Chinatown,34.0637846,-118.2358713,Homeboy Bakery,FY-GthkKKNM0TiZm6y7KtA,34.062179,-118.235618,French,4.5,,59f41d002f97ec64344a1eb3,3,17,9,2,8.1
350,Chinatown,34.0637846,-118.2358713,Bubble U,fwO7SDvDWiQ4yh1k2LvcyQ,34.06363217,-118.23780583,Chinese,4.5,,49ebc74af964a5202b671fe3,2,164,263,105,8.1
352,Chinatown,34.0637846,-118.2358713,Gigo's Cafe & Deli,EBW4fzwSHgYcMfTR-DX_9w,34.0638163,-118.2377561,Chinese,4.0,,49ebc74af964a5202b671fe3,2,164,263,105,8.1
353,Chinatown,34.0637846,-118.2358713,Little Jewel of New Orleans,e8yeADAtTGRyzkOLG5iKSg,34.060099,-118.238083,Sandwiches,4.0,,4470358df964a52089331fe3,1,974,1947,423,8.9
354,Chinatown,34.0637846,-118.2358713,Scoops,29279E_WW6XyP5s36jPO8A,34.0613348,-118.239745879944,Mall,4.5,,4bdcb5202a3a0f477a0ab4b6,[],7,65,4,7.3
355,Chinatown,34.0637846,-118.2358713,Wonder Bakery,3GpSGxt97OPJ_EgDcvATsA,34.06519,-118.23712,Dim Sum,3.5,,4b6aa855f964a52016db2be3,2,43,168,14,7.3
388,Commerce,34.002581,-118.156586,Jamba Juice,q4t80K7o68i-QRjAwjDKyA,34.005764,-118.152741,Coffee Shop,3.0,$,4a88748cf964a520810620e3,1,145,171,14,8.0
389,Compton,33.894927,-118.226624,Phat Noodles,fQiiNcx6HKI3gjr01XLR9A,33.8957165256653,-118.223629854619,Fast Food,4.5,,4c741de43adda1439ab903af,1,6,4,3,6.8
391,Covina,34.0877926,-117.8891164,Zodiac Juiceology & Apothecary,hA_5NtvjY7qmk-_XQQbAoQ,34.08829,-117.89045,Coffee Shop,4.0,,4b5f9cc7f964a52092c429e3,1,40,46,20,7.9
392,Covina,34.0877926,-117.8891164,Pane E Vino,Z4SvHl_9FzDfpl-HmgBjSw,34.0871181469897,-117.890291914754,Coffee Shop,4.0,,4b5f9cc7f964a52092c429e3,1,40,46,20,7.9
450,Cudahy,33.9620584,-118.1835395,Ortiz kitchen on the Street,7RWrNj2lL0GxfY5VPyApnQ,34.02932,-118.38816,Mediterranean,5.0,,4ab99296f964a520ea7f20e3,2,78,245,23,7.3
463,Culver City,34.0211224,-118.3964665,Cafe Vida - Culver City,-C2vxDphxWzYPLgNgdKJAQ,34.021791,-118.396617,Coffee Shop,4.0,,52d05cb5498e1e06e622f941,2,128,95,32,8.6
465,Culver City,34.0211224,-118.3964665,Akasha,GcEzKP7wlzmQQDok2InDqg,34.0230536,-118.3955239,New American,3.5,,4a2895f9f964a52031951fe3,2,234,359,125,8.1
466,Culver City,34.0211224,-118.3964665,BiiBiip Mediterranean,3nAphorMCZtb73OTezFq3A,34.024359,-118.396301,Tacos,4.5,,53e59bec498e40c7e2582fa1,1,90,49,27,8.4
468,Culver City,34.0211224,-118.3964665,"Conservatory For Coffee, Tea & Cocoa",hjj19yo1r_sPD9Ic-uII5w,34.0206321,-118.3995192,Coffee Shop,4.5,,4b27d842f964a520098b24e3,1,210,267,104,8.8
469,Culver City,34.0211224,-118.3964665,Milla Chocolates,6eyK-SGFumxOiG7VfMGL-A,34.02503,-118.39512,Gastropub,5.0,,50b4df6de4b0627b56ceb145,2,397,617,113,8.1
470,Culver City,34.0211224,-118.3964665,Super Domestic Coffee,-HH7If5ErRtHiR6WourZwA,34.01963,-118.39736,Coffee Shop,4.0,,5afa05ebc9a517002c630a22,1,16,14,4,8.7
476,Culver City,34.0211224,-118.3964665,Culver City Farmers Market,qMDPW191rmLPbI_amrlqbw,34.0249190248861,-118.3946417913,Gastropub,4.0,,50b4df6de4b0627b56ceb145,2,397,617,113,8.1
477,Culver City,34.0211224,-118.3964665,Seasalt Fish Grill - Culver City,oMB5s2JsCbI2B1xg2np6HA,34.0218135290607,-118.397776482596,Seafood,4.0,,583f9dc75289304d412f2e38,3,22,17,4,7.2
478,Culver City,34.0211224,-118.3964665,Green Truck,FgBErSd-qVUvyR7TzwsFLg,34.0245873609151,-118.390724927984,Food Truck,3.5,,5aa8426912c8f07ec36e82d7,1,1,1,0,[]
482,Culver City,34.0211224,-118.3964665,milk + brookies,W9eecsALpdCB03jMxpjglg,34.0211224,-118.3964665,Coffee Shop,2.0,,52d05cb5498e1e06e622f941,2,128,95,32,8.6
483,Culver City,34.0211224,-118.3964665,Grand Casino Bakery & Café,6n4piw0YlY6t7swlHDdzdg,34.02507,-118.39439,Gastropub,4.0,,50b4df6de4b0627b56ceb145,2,397,617,113,8.1
486,Culver City,34.0211224,-118.3964665,Taste of the Nation,mzO_nTZaTo81mwcHN44KMA,34.02654,-118.39276,Fast Food,5.0,,4a93026ef964a5207f1e20e3,2,56,46,22,7.1
503,Cypress Park,34.0922322,-118.2245179,1802 Roasters,8cXUpGvn4eX_Qpd-pPYEJA,34.0952315,-118.2283802,Mexican,5.0,,54938e65498ee0902b282fef,1,7,5,0,7.0
504,Del Aire,33.9232739,-118.3747023,Fork-In Aussie Pies,5-womLiuFgDp0nAY39kTXg,33.92481,-118.37808,Australian,4.5,$$,56675ea5498e6d806452c1ea,2,19,17,10,7.6
505,Duarte,34.1394513,-117.9772873,Wazakuraken Ramen,YaUbEa3RtyMAea5nik660A,34.13921133,-117.98139133,Fast Food,4.0,$$,4b54e149f964a52016d127e3,1,131,163,57,7.5
506,Duarte,34.1394513,-117.9772873,Tropicana Market,h8ZTwkw6xX1YS9yHPrrimQ,34.139152,-117.97525,Breakfast,4.5,$$,4ccdb93872106dcb40b3a499,1,5,5,2,[]
508,Eagle Rock,34.1388968,-118.2139624,Penny Oven,_d-OtXKHURy4VaqaMTGG-A,34.13946,-118.21275,American,4.0,$$,4bb64ed12ea19521d377ab2f,2,85,86,45,8.5
509,Eagle Rock,34.1388968,-118.2139624,Eagle Rock Poke Shack,RT0siKT4TDs7u_zwv2mGKg,34.1389809,-118.2137662,Coffee Shop,4.5,$$,49c6b851f964a52075571fe3,1,90,130,45,7.7
510,Eagle Rock,34.1388968,-118.2139624,Sunny Side Up Cafe,DUEMTLbikW50PaaVqmIjwA,34.1387799,-118.21251,American,4.0,$$,4bb64ed12ea19521d377ab2f,2,85,86,45,8.5
511,Eagle Rock,34.1388968,-118.2139624,Swork Coffee,qxP8rV9VbmWU_jEdewb34Q,34.138875,-118.21389,Coffee Shop,4.0,$$,49c6b851f964a52075571fe3,1,90,130,45,7.7
512,Eagle Rock,34.1388968,-118.2139624,Eagle Rock Kabob,efKtC2xSSQlmbZI3GVi1pQ,34.13612783,-118.21608033,Fast Food,5.0,$$,5864285e61052862e7bf4cbd,1,3,5,2,6.6
513,Eagle Rock,34.1388968,-118.2139624,"Piencone Pizzeria, Creamery & Pub",8u_YL2HqqZtaU4LWhQycPA,34.1390033,-118.210321,American,4.0,$$,49c59d4df964a52015571fe3,2,406,1003,191,8.5
517,Eagle Rock,34.1388968,-118.2139624,Eagles Tacos,lW5qHPa4mfPfRyrAWONaIQ,34.139097,-118.209915,American,4.5,$,49c59d4df964a52015571fe3,2,406,1003,191,8.5
569,East Hollywood,34.093214,-118.3196124,RUBIES+DIAMONDS,OrG2ekkm3plf_z4aMDe1_Q,34.0981815648221,-118.32256674841,Coffee Shop,4.0,$$,4a8890e0f964a520ee0620e3,2,93,138,40,7.2
570,East Hollywood,34.093214,-118.3196124,The Truth Hollywood,FDTMdGfj6PI0tXBA9yes0A,34.09834,-118.32208,Coffee Shop,4.0,$$,4a8890e0f964a520ee0620e3,2,93,138,40,7.2
571,East Hollywood,34.093214,-118.3196124,Coffee Commissary,hLR7snMMN6uQugKFzdTIHA,34.098168357026,-118.321811446915,Coffee Shop,4.0,$,4a8890e0f964a520ee0620e3,2,93,138,40,7.2
572,East Hollywood,34.093214,-118.3196124,Homeward Ground,6UKOlcMOiX4ApD8qnL5s2g,34.09761,-118.31971,Fast Food,3.0,$,49f60cd3f964a520f36b1fe3,1,66,122,17,7.2
573,East Hollywood,34.093214,-118.3196124,La Monarca Bakery & Cafe,YRuX7qMjJZfS2fxBJx2BRQ,34.0983428955078,-118.322006225586,Coffee Shop,4.5,$,4a8890e0f964a520ee0620e3,2,93,138,40,7.2
574,East Pasadena,34.1452697,-118.11754385,Smosh Town,IxkuiVyPqq4-6qcc2NoUpg,34.1502683,-118.1212451,Indian,4.5,$,5a3ab52a9ba3e51d6125e374,2,14,8,2,8.2
575,East Pasadena,34.1452697,-118.11754385,Dog Haus,PUyZcKYvrNZLzgRfM9evRg,34.14782,-118.12181,Coffee Shop,4.0,$$,4af6368bf964a5204a0222e3,1,61,70,18,7.6
578,Echo Park,34.074,-118.2608735,Roots & Rye,teOH2ATgXmnGGREl05EMbg,34.07716,-118.264675,Coffee Shop,5.0,,5aad81e7826444162785e303,1,15,62,2,8.4
579,Echo Park,34.074,-118.2608735,Cinnaholic,H4myDD4D_iOAH0QvzOfDUQ,34.0771457722991,-118.264783054594,Coffee Shop,4.0,,5aad81e7826444162785e303,1,15,62,2,8.4
581,Echo Park,34.074,-118.2608735,Tribal Cafe,hCK62V2SW6nRoR0NK9E88g,34.06876,-118.26261,Coffee Shop,4.5,,5c5f184306fb60002ce2b820,1,5,12,0,[]
582,Echo Park,34.074,-118.2608735,Beacon Echo Park,Q1-0OhONa-EHjuIodqx7Og,34.073319,-118.260012,Coffee Shop,4.0,,586813be6ad73d6891309b04,1,10,23,7,7.3
583,Echo Park,34.074,-118.2608735,Echo Park Farmers' Market,AaXcOUXBCwiuPPo0-Q6XFg,34.0763776,-118.2582681,Vegetarian / Vegan,4.5,,4d7060ae68276ea855578790,2,264,399,104,8.6
586,Echo Park,34.074,-118.2608735,El Jefe Fish Tacos,Z0DGXP4P2QuqTc2iCbpfsA,34.0766211,-118.256448,Coffee Shop,5.0,,5a89f435fc9e9457d635bc23,1,17,21,2,8.3
588,Echo Park,34.074,-118.2608735,Tierra Mia Coffee,mJ5-uwF_PXPK2xihYw2N9A,34.07814,-118.26284,French,4.0,,43d21a6cf964a5200a2e1fe3,2,108,344,48,7.9
589,Echo Park,34.074,-118.2608735,Hey Hey,3T2-MzYwV1SFIJQn8pzaNg,34.0767552,-118.2565846,Coffee Shop,4.5,,5a89f435fc9e9457d635bc23,1,17,21,2,8.3
592,Echo Park,34.074,-118.2608735,Woodcat Coffee Bar,9MnQ_xR8qAFEzVUWkPdKvA,34.0761964606266,-118.25645538123,Coffee Shop,4.0,,5a89f435fc9e9457d635bc23,1,17,21,2,8.3
593,Echo Park,34.074,-118.2608735,Reggie's Deli & Cafe,2XQf1Mrj-0R8wDiX5nvx-w,34.0778791587875,-118.261265406746,Diner,4.5,,43a0311ef964a5201f2c1fe3,2,166,365,96,7.7
596,El Monte,34.0536909,-118.2427666,Homeboy Diner,00IcQz3qT1aGz7-bR-czuA,34.0536774479553,-118.242755302902,Mediterranean,4.0,,4b8d7201f964a52044fc32e3,2,5,14,6,[]
597,El Monte,34.0536909,-118.2427666,Rice & Nori,g5s8qBx7_uUU-3pALdvCMQ,34.050052,-118.242365551451,Coffee Shop,4.5,,4e2071738130e92fc6a3f821,1,340,741,90,8.7
600,El Monte,34.0536909,-118.2427666,Strictly Vegan Jamaican Cuisine,m91QVeczra8ub-_pfTzvaQ,34.05349,-118.24532,Food Truck,3.5,,5404dcc1498e0e488dbdd1eb,1,1,3,3,[]
601,El Monte,34.0536909,-118.2427666,Cafecito Pura Vida,GkWkr8GX0uZQ4Q6jBTt1PA,34.0525565,-118.2471725,American,5.0,,4c320ecb452620a12871210f,2,15,17,10,7.6
604,El Monte,34.0536909,-118.2427666,Tacos Sín Karma,vmu1CD3x5daxEoYfseO63g,34.05349,-118.24532,Food Truck,5.0,,5404dcc1498e0e488dbdd1eb,1,1,3,3,[]
606,El Monte,34.0536909,-118.2427666,Lunch A La Park Food Trucks,pV0mWqY_RreHRAVsf9sGXg,34.0561613053705,-118.246353660789,Coffee Shop,5.0,,4b41536bf964a52064c525e3,2,71,113,18,7.1
608,El Monte,34.0536909,-118.2427666,RAWFIV5,ov07_PzSl9P3WMwF3Mx-4Q,34.05349,-118.24532,Food Truck,5.0,,5404dcc1498e0e488dbdd1eb,1,1,3,3,[]
614,El Monte,34.0536909,-118.2427666,Vivace,LxauzrdlnBCvrDfx6NGnBQ,34.05349,-118.24532,Food Truck,4.5,,5404dcc1498e0e488dbdd1eb,1,1,3,3,[]
616,El Monte,34.0536909,-118.2427666,Farmers' Market at Los Angeles City Hall,V8iOnK3hDEh_ySqfJWv7_w,34.0530600191399,-118.242371126557,Mediterranean,4.0,,4b8d7201f964a52044fc32e3,2,5,14,6,[]
618,El Monte,34.0536909,-118.2427666,Fugetsu-Do,Hg3YYJFGFW7eLWzWZXdYTA,34.05027,-118.24022,Udon,4.5,,5143f2d7e4b039102cf9793f,2,355,832,109,9.1
623,El Monte,34.0536909,-118.2427666,Clean Street Food,9jpJbkav6yfNy8AFDK0yfg,34.05349,-118.24532,Food Truck,4.0,,5404dcc1498e0e488dbdd1eb,1,1,3,3,[]
625,El Monte,34.0536909,-118.2427666,QWENCH Juice Bar,76Dq78Ce2d_0LZAjjyno9Q,34.0538956437921,-118.241155908598,Coffee Shop,3.0,,4dc17e7cfa764d03e9ffb874,1,5,11,4,5.4
626,El Monte,34.0536909,-118.2427666,Mandoline Grill,OgqoioQEXN54iceteJ8DKw,34.05349,-118.24532,Food Truck,4.0,,5404dcc1498e0e488dbdd1eb,1,1,3,3,[]
630,El Monte,34.0536909,-118.2427666,Spots Cupcakes,QC29IDco94buxXeqSizIXA,34.0522342,-118.2436849,Indian,5.0,,518471e6498e1c0b5f1401f9,2,213,236,85,8.6
645,El Segundo,33.917028,-118.4156337,ESBC The Slice and Pint,Uo7w9n1ixdjJO2s1zVVp_A,33.9188163746521,-118.4170406,Pizza,4.0,,5c4bb64fa5a31500390f69ac,1,8,19,2,8.0
647,El Segundo,33.917028,-118.4156337,Gelato-go - El Segundo,spkGVOcCdjqBJqT8E437sw,33.921459,-118.4162087,Coffee Shop,4.5,,4a8f0135f964a5208b1320e3,1,64,64,35,8.1
648,El Segundo,33.917028,-118.4156337,Two Guns Kitchen,E1tnG59auxQFiWpw77gN2Q,33.91981,-118.4163,Pizza,4.0,,5c4bb64fa5a31500390f69ac,1,8,19,2,8.0
649,El Segundo,33.917028,-118.4156337,Brewport Tap House,dOa2vmwFaveT_OLxjLrnug,33.9181418,-118.4158251,Gastropub,4.5,,58ae084a8927fd7e622755fe,3,36,103,4,8.7
650,El Segundo,33.917028,-118.4156337,El Segundo Farmer's Market,lj0K5FbAhNARuKkmtxVhNg,33.9191204,-118.4158251,Pizza,4.0,,5c4bb64fa5a31500390f69ac,1,8,19,2,8.0
651,El Segundo,33.917028,-118.4156337,Smallcakes Cupcakery & Creamery,TP4y_UUc87bAwwnUzjJ8fA,33.9182043,-118.4160949,Pizza,4.5,,5c4bb64fa5a31500390f69ac,1,8,19,2,8.0
652,El Segundo,33.917028,-118.4156337,Stix and Straws,Yjd1nVHmOCDH3rmuqsVJFw,33.91911,-118.41317,Coffee Shop,4.5,,4af48396f964a52061f321e3,1,46,60,18,7.9
653,El Segundo,33.917028,-118.4156337,Blue Butterfly Coffee Co,LF0WPh6jvEdv6dkFMEM1VQ,33.92054,-118.4163,Coffee Shop,4.0,,5900ab34a879210ea737743f,1,27,40,6,8.4
654,El Segundo,33.917028,-118.4156337,Ali'i Fish Company,kucnsQvgHq_gZ0eRviB2Yg,33.91974,-118.41186,Seafood,5.0,,5bd21a932b274a002cd47ed7,3,3,6,1,[]
655,El Segundo,33.917028,-118.4156337,Venice Bakery,UZuNV6Nsrp2GkjPOsuti3g,33.917383,-118.415572,Gastropub,3.5,,58ae084a8927fd7e622755fe,3,36,103,4,8.7
657,El Sereno,34.0811213,-118.1778495,HERS Bakery,mogTZr_euWxcNn0iiA7anw,34.0852396,-118.1822611,Food Truck,4.5,,4cca35800a9ab1f7816c1af4,1,0,0,0,[]
658,Elysian Valley,34.09954795,-118.24471480448986,Wax Paper,H6zhdp4uIC7a8Dq-ZBjH4Q,34.10268,-118.24345,Coffee Shop,4.5,$$,5a748d75f4b5252a1e64447e,1,18,36,3,8.4
663,Encino,34.1591324,-118.5016166,Dunkin',Zj0ZdsJpvieB92EX8HBVbQ,34.15988,-118.50066,Donuts,3.0,,5576dbfd498ed29e0795b50c,1,93,66,18,8.6
666,Encino,34.1591324,-118.5016166,ACASA Food Truck,tqqOVQ38I2evbXiy0C72pw,34.1761699,-118.5188949,Food Truck,4.5,,5c2d75cd65211f002c14ff57,1,0,0,0,[]
667,Encino,34.1591324,-118.5016166,Gracias Señor!,qx_laQmA-uBGAt5QUehmaw,34.0454459503403,-118.523584681406,Food Truck,5.0,,5660bb6f498e1e6bea88833b,1,4,1,0,[]
709,Exposition Park,34.01365405,-118.28721058194556,Ms Chi at The Fields LA,-fmsaUhqWa0K8LrMadBtyg,34.012875,-118.28543,Food Court,2.5,,5b6e364f121384002ce59c0d,[],14,46,4,7.8
710,Fairfax,34.08192135,-118.35991350318471,Percolate,51T9haREnspc5ybX6aVQCw,34.08406,-118.36305,New American,4.5,,50690189e4b029655cff62e7,2,202,341,81,8.3
711,Fairfax,34.08192135,-118.35991350318471,Western Kosher,CU76ZY7nQcMhPrARpWXmMg,34.0795493,-118.3613451,Italian,3.5,,553559ab498ee7a9ecd3e7ba,3,295,301,99,9.3
713,Fairfax,34.08192135,-118.35991350318471,Rollin Burger,J0o2z3115-3QXeEtAsnMhA,34.07974,-118.36114,Italian,5.0,,553559ab498ee7a9ecd3e7ba,3,295,301,99,9.3
715,Fairfax,34.08192135,-118.35991350318471,Diamond Bakery,UdfNyzANJg6vwjcPaGrP-w,34.07709,-118.36177,Burgers,4.5,,5d2e46198d454a00082f92bf,1,0,17,1,[]
716,Fairfax,34.08192135,-118.35991350318471,Crumbs & Whiskers - Kitten & Cat Cafe,deNv1JsKRCgTdMOIcGYUBQ,34.0835863,-118.3623821,New American,4.5,,50690189e4b029655cff62e7,2,202,341,81,8.3
718,Fairfax,34.08192135,-118.35991350318471,Cofax Coffee Shop,SZFU3xscjsDtbmahk9jyKA,34.0793404,-118.3612051,Italian,4.0,,553559ab498ee7a9ecd3e7ba,3,295,301,99,9.3
719,Fairfax,34.08192135,-118.35991350318471,Canter's Deli,cfwIZRwBON93wdQvk_YK_g,34.0789742,-118.361875,Italian,3.5,,553559ab498ee7a9ecd3e7ba,3,295,301,99,9.3
720,Fairfax,34.08192135,-118.35991350318471,Froma on Melrose,mIfBPK5arg4jAtwBytioZg,34.083525,-118.363209,New American,4.5,,50690189e4b029655cff62e7,2,202,341,81,8.3
725,Glassell Park,34.1161201,-118.2289627,Habitat Coffee and Tea,ssw9D1Q0rOEoc3Fx7hi5pg,34.117569,-118.2334213,Coffee Shop,4.0,$$,54de22b9498ea3875b1386ec,1,67,55,8,8.7
726,Glendale,34.1469416,-118.2478471,Zhengyalov Hatz,rx54PN8IWQ2DuXFSJMIj1A,34.146119,-118.25181817,Japanese,5.0,,5135a67dd63e46f5c1953af8,2,62,89,15,8.8
728,Glendale,34.1469416,-118.2478471,Highlight Coffee,Jj45PH87bBa_wP51JDSglQ,34.1465950012207,-118.246658325195,Coffee Shop,4.5,,57e2e94438fa344b48c12a26,1,24,39,5,7.4
729,Glendale,34.1469416,-118.2478471,Uncle Eddies Vegan Cookies,YN5Lqj3NDTtU3Y3FyadA9A,34.1511095,-118.2460006,Asian,5.0,,50106624e4b0454c63c81c34,2,0,1,0,[]
731,Glendale,34.1469416,-118.2478471,Mario's Italian Deli & Market,k3sjUtQjPwg5uEwOW6Mvgg,34.146236,-118.245647,Italian,4.5,,4ad8cf8ff964a520e01421e3,1,58,70,36,8.2
733,Glendale,34.1469416,-118.2478471,The Coffee Bean & Tea Leaf,2BV-Oued2qMaR1gPLsvBLw,34.1503,-118.24512,Coffee Shop,3.5,,4b003eddf964a520e93b22e3,1,43,54,16,7.5
735,Glendora,34.1361187,-117.865339,DrinkUrGreens,vvYeduc1l5Gb0u78JJ7uNw,34.1388588,-117.8658066,BBQ,4.5,$,4bb3dd1242959c745990222c,2,23,24,9,8.2
737,Granada Hills,34.2661558,-118.5174342,Granada Hills Dinner Food Trucks,FE3LFprLIQ4_nBP7WdNBjQ,34.2648866155125,-118.521555861282,Coffee Shop,4.0,$$,50838d43e4b0524965c89864,1,76,164,39,8.3
741,Hacienda Heights,33.9930677,-117.9686755,Hacienda Village Meat & Italian Deli,tnEpqwn3eWwfddhCexepWw,33.997072,-117.968665,Donuts,4.0,,4bc93d86cc8cd13aa76ebbcf,1,10,16,5,6.1
836,Highland Park,34.1099469,-118.1969828,Panaderia Delicia,VLH7bxfcpiVne892GNgYmw,34.1088957,-118.1944979,Mexican,4.5,,5a97abb81499460791350c34,1,39,58,10,8.2
839,Highland Park,34.1099469,-118.1969828,Civil Coffee,Qwov52b5Wg4d7OZ3Z18Bqg,34.10959,-118.19347,Mexican,4.0,,5a97abb81499460791350c34,1,39,58,10,8.2
840,Highland Park,34.1099469,-118.1969828,Kindness & Mischief Coffee,ztYxM5znfbCSvMDt5jC-Zg,34.1088511,-118.1945951,Mexican,4.5,,5a97abb81499460791350c34,1,39,58,10,8.2
842,Highland Park,34.1099469,-118.1969828,Antigua Bread,I-GVl64j9VUbuJJhcjAJ2A,34.10994,-118.19287,Mexican,4.0,,5a97abb81499460791350c34,1,39,58,10,8.2
845,Highland Park,34.1099469,-118.1969828,Chops Meat & Fish,DzSBSjFuXTmwwDXjHixBDA,34.11008,-118.19258,Coffee Shop,4.5,,557c6d56498eee5421c122fb,1,105,133,21,9.0
915,Industry,33.996821,-117.88611057547772,Class 302,5idAYg4FAWpr334pBENm5A,33.9963457757617,-117.890034219061,Dim Sum,3.5,$,4aec9f2bf964a5208cc921e3,2,47,142,27,7.2
916,Inglewood,33.9562003,-118.353132,Emma's Snack Shop,HJPKtBsegasQ7bL_abfDnQ,33.961594,-118.3520949,Caribbean,5.0,,4b624b1af964a520c4402ae3,2,9,10,6,7.4
917,Inglewood,33.9562003,-118.353132,Ms Ruby's Bakery,5mQu4hOjbkxN06nISQQDEg,33.9616551,-118.3501717,Fast Food,4.5,,4b6dd685f964a52078942ce3,1,17,21,4,5.8
945,Koreatown,34.0580134,-118.3008095,Myung In Dumplings,jCDnwiF2JN5OBbzwlrWuhA,34.05293,-118.30352,Sushi,4.0,$,5d030b5ec0cacb002c90d654,2,0,3,0,[]
946,Koreatown,34.0580134,-118.3008095,Cafe Mermaid,LtsDPLhixg7cAX7WOGCtAg,34.061926,-118.296836,Seafood,3.5,$,4d34bd016c7c721e9dbcc456,2,357,870,142,8.6
947,Koreatown,34.0580134,-118.3008095,Alfred Coffee Koreatown,JZQEz5zDoYy9C8l7_YOclw,34.0620397,-118.300909,Restaurant,4.0,$$,5bd60460396de0002c56be39,2,17,48,6,7.7
949,Koreatown,34.0580134,-118.3008095,85°C Bakery Cafe,cHI6PGDYHSH7ANwYUH8qiA,34.06193,-118.297445,Asian,3.5,$,52579f86498e598f3504591f,2,113,181,17,8.9
950,Koreatown,34.0580134,-118.3008095,Holy Roly Ice Cream,isiCnRHm0xObr-LYZIOzEQ,34.06323,-118.29702,Korean,4.0,$$,4f0fcb0be4b07e9ec8c0cacc,3,672,1139,140,9.3
951,Koreatown,34.0580134,-118.3008095,Paris Baguette,PRfG_ppJiHzgC3CCRrQaAw,34.06314,-118.297536,Korean,4.0,$,4f0fcb0be4b07e9ec8c0cacc,3,672,1139,140,9.3
952,Koreatown,34.0580134,-118.3008095,Cafe Home,Cxdo23Kjr9MrJdfB0w0msg,34.06231,-118.29753,Asian,3.5,$,52579f86498e598f3504591f,2,113,181,17,8.9
953,La Cañada Flintridge,34.1998302,-118.2005236,The Baked Bear,S1QXPTY6YMFsC3ZCP3sBIQ,34.2042758780091,-118.199472104369,Japanese,4.0,$,4b09e09cf964a520101f23e3,3,32,81,18,7.5
955,La Crescenta-Montrose,34.1969689,-118.2299754,Berolina Bakery & Pastry Shop,ugLs7lLOkAedG9a_IHElhg,34.20089,-118.22869,Tacos,4.0,$$,4583e528f964a520893f1fe3,2,85,145,46,8.0
956,La Crescenta-Montrose,34.1969689,-118.2299754,Schreiner's Fine Sausages,K8vdwaJNA3NVWdAL4xajeA,34.20077,-118.228613,Tacos,4.0,$,4583e528f964a520893f1fe3,2,85,145,46,8.0
1027,Larchmont,34.0744308,-118.3236472,Erin McKenna's Bakery,fblsAOG-bJT2rnFbsIXQng,34.0759173,-118.3234951,Coffee Shop,4.0,,51cc7c6c498eeeaf4ff761c7,2,297,431,88,8.5
1029,Larchmont,34.0744308,-118.3236472,Groundwork Coffee Co.,p1R2_VxQwCenSZdeYMqVvA,34.07458,-118.32329,Sandwiches,4.0,,4a5cecc3f964a520debc1fe3,1,157,104,64,9.3
1030,Larchmont,34.0744308,-118.3236472,Go Get Em Tiger,Fc76lQREjE0mn3VK9rZ6QQ,34.0756034851074,-118.323287963867,Coffee Shop,4.0,,51cc7c6c498eeeaf4ff761c7,2,297,431,88,8.5
1034,Larchmont,34.0744308,-118.3236472,Bricks & Scones,GgEAdWleZlfYu9lLud-wRA,34.07768,-118.32399,Coffee Shop,4.0,,4adbca90f964a520ab2a21e3,2,166,275,102,8.3
1037,Larchmont,34.0744308,-118.3236472,Noah's Bagels,8pAoanmxpgZUgYJBaGdpaA,34.076070532869,-118.32347732234,Coffee Shop,3.0,,51cc7c6c498eeeaf4ff761c7,2,297,431,88,8.5
1038,Larchmont,34.0744308,-118.3236472,Larchmont Farmers Market,QWWytm_pbSJVbBpkgY88ww,34.074921,-118.323861,Coffee Shop,4.5,,51cc7c6c498eeeaf4ff761c7,2,297,431,88,8.5
1039,Larchmont,34.0744308,-118.3236472,Salt & Straw,ikF6L0HiC3_AhAiywWzS3g,34.075825,-118.3235051,Coffee Shop,4.5,,51cc7c6c498eeeaf4ff761c7,2,297,431,88,8.5
1040,Larchmont,34.0744308,-118.3236472,Larchmont Village Wine Spirits & Cheese,-XwCatxfjyujeYbhh6ukrQ,34.075313,-118.323881,Coffee Shop,4.5,,51cc7c6c498eeeaf4ff761c7,2,297,431,88,8.5
1041,Larchmont,34.0744308,-118.3236472,Nora's Food Company,5YMfWiKZA0lEeMaw7VDF8g,34.0749372,-118.323948,Coffee Shop,4.0,,51cc7c6c498eeeaf4ff761c7,2,297,431,88,8.5
1052,Lawndale,33.8885217,-118.3531991,OrVeganic,oJ3AW6nFqnSVbq6he08Bcw,33.88339,-118.35204,Restaurant,5.0,,5abd567dad910e5e606ae5b1,2,1,3,0,[]
1053,Lawndale,33.8885217,-118.3531991,Rolling Zone Creamery,EcxIfSY9gN7F6ve_6aFGrw,33.8880229,-118.3522451,American,4.5,,4b968e17f964a5204bd434e3,1,12,12,4,6.6
1093,Leimert Park,34.007702,-118.3320627,Hot and Cool Cafe,DkHP7ysDXTks2JCBBNqIaA,34.005097224263,-118.331694923789,Coffee Shop,4.5,,5adbfd8f1b0ea51c83850baf,1,2,4,1,[]
1094,Leimert Park,34.007702,-118.3320627,Harun Coffee,rR1f_EbT3JCHvTfZvQp7Tw,34.0048599326199,-118.331407854835,Coffee Shop,4.5,,5adbfd8f1b0ea51c83850baf,1,2,4,1,[]
1095,Leimert Park,34.007702,-118.3320627,African Marketplace,Gk7hy9tbDJ0Sl1weHQ2yOw,34.0062,-118.33106,Caribbean,4.5,,4b0093d9f964a5209f3f22e3,2,25,40,17,7.7
1145,Los Feliz,34.1100408,-118.28892364093718,All Time,8MaRuBRfR80wN3civ6PpWQ,34.1088282,-118.2872851,Coffee Shop,4.0,,5a5126e06adbf560337234be,1,50,36,5,8.7
1148,Los Feliz,34.1100408,-118.28892364093718,Cafe Los Feliz,FPBsEp6Ecp_JE7KD5NsDeA,34.11055,-118.28726,Italian,4.0,,49cd516af964a520de591fe3,2,427,388,175,8.9
1149,Los Feliz,34.1100408,-118.28892364093718,Alcove Café & Bakery,xVSv26KBQexP4M0l63SGlg,34.106215,-118.28776,Coffee Shop,4.0,,4ae0e2bcf964a520608321e3,2,602,1020,217,8.8
1150,Los Feliz,34.1100408,-118.28892364093718,Vegan Heights - Los Feliz Village Farmers,o6y8BcA6TLoMrvZsjsI64A,34.105484,-118.292778,Diner,4.5,,40a55d80f964a52026f31ee3,1,248,400,113,8.1
1151,Los Feliz,34.1100408,-118.28892364093718,Maru Coffee,DVPiIohTUzMVnYp-r4wt-A,34.106559753418,-118.287063598633,Coffee Shop,4.5,,4ae0e2bcf964a520608321e3,2,602,1020,217,8.8
1154,Los Feliz,34.1100408,-118.28892364093718,House of Pies,oOCNh4YADQeG3BJKdG_N5g,34.105193,-118.292081,Diner,3.5,,40d38200f964a52040011fe3,2,397,521,205,8.3
1156,Los Feliz,34.1100408,-118.28892364093718,Bru Coffeebar,THltrartRh7nIQtPydGCyw,34.1049186,-118.2916551,Diner,3.5,,40d38200f964a52040011fe3,2,397,521,205,8.3
1157,Los Feliz,34.1100408,-118.28892364093718,Albertsons,pTSOW8jP1w4Wj5xtAVCBTw,34.1087932,-118.2879106,Coffee Shop,3.0,,5a5126e06adbf560337234be,1,50,36,5,8.7
1158,Los Feliz,34.1100408,-118.28892364093718,Daily Donuts,Q3R9DRc5IDUNe_2gh8KExg,34.1056067,-118.2872751,Coffee Shop,4.0,,4ae0e2bcf964a520608321e3,2,602,1020,217,8.8
1209,Manhattan Beach,33.8915985,-118.3951241,GROW,a34JoHcj9VTRW_ri8E4v7g,33.8920438742356,-118.395629549268,Sandwiches,4.0,$$,4a1efb0df964a520f37b1fe3,1,53,44,30,7.7
1265,Mid-Wilshire,34.0619429,-118.2987306,Snow Monster,dVsE6V4EKMXGb4i0nWq7mw,34.064113,-118.297413,Korean,4.0,$,4f0fcb0be4b07e9ec8c0cacc,3,672,1139,140,9.3
1266,Mid-Wilshire,34.0619429,-118.2987306,Cafe London Monochrome,38GzsVwESAe-F65oYYDu1A,34.06396,-118.30197,Shabu-Shabu,4.5,$,59e9548ac6666672a0695268,[],17,27,3,7.3
1269,Mid-Wilshire,34.0619429,-118.2987306,Sharp Specialty Coffee,mufrng2MGt41KI4NYGTe6Q,34.06389,-118.29625,Korean,4.5,$,4f0fcb0be4b07e9ec8c0cacc,3,672,1139,140,9.3
1271,Monrovia,34.1483499,-118.0014517,Little Green Forks,NgUZTTGuehr1qiLi3aciBg,34.14292,-118.00123,Sandwiches,5.0,,4b71c7ccf964a5200c5c2de3,1,16,13,7,8.5
1272,Monrovia,34.1483499,-118.0014517,Grey & Cash,VfvkV_cU7JOjFT10fr4VGw,34.1471679709538,-118.001095019281,Gastropub,4.5,,5c0c3d34475abd002c01c35d,3,4,6,2,[]
1273,Monrovia,34.1483499,-118.0014517,Espresso Mi Cultura,ox90s51OR-3yhU-hvQSF3A,34.14757,-118.00131,Gastropub,5.0,,5c0c3d34475abd002c01c35d,3,4,6,2,[]
1274,Monrovia,34.1483499,-118.0014517,Peach Cafe,ermqkU2-Rtj6GsPA6sq9ZA,34.146135,-117.999135,New American,4.0,,5668c76e498ec816fd1ef292,3,31,128,8,8.7
1275,Monrovia,34.1483499,-118.0014517,Cup Of Cha Tea House,dyQDodUbLM762VEhk7SGrQ,34.146279,-118.001094,Diner,5.0,,4b79be96f964a520350f2fe3,2,16,28,18,8.3
1276,Monrovia,34.1483499,-118.0014517,Mamma's Juicery,5lEv_LTODxN2Hcmy7lhztw,34.1445868,-118.0007655,BBQ,4.5,,4aa56b8cf964a520484820e3,2,43,71,26,8.1
1277,Monrovia,34.1483499,-118.0014517,Paradis,3ewjCSLVhrJB8UkUtQa7Tw,34.1475966460639,-118.001158498046,Gastropub,4.5,,5c0c3d34475abd002c01c35d,3,4,6,2,[]
1278,Monrovia,34.1483499,-118.0014517,MoonCat Ramen,7P4TcUAa-nHPzeo1j1WzQQ,34.1479769882839,-117.999969608459,Gastropub,3.5,,5c0c3d34475abd002c01c35d,3,4,6,2,[]
1279,Monrovia,34.1483499,-118.0014517,"MOOYAH Burgers, Fries & Shakes",tWNGNEH7cGtesynWasSalw,34.1511951,-118.0018014,Fast Food,4.0,,4b46ff34f964a5204b2a26e3,1,35,23,8,7.4
1280,Monrovia,34.1483499,-118.0014517,Oke Poke,H06Wo354nMgybDQdSGQGZw,34.1503687930172,-118.002840352292,Fast Food,4.5,,4b46ff34f964a5204b2a26e3,1,35,23,8,7.4
1281,Monrovia,34.1483499,-118.0014517,Farmer's Market of Monrovia,t8jJHJEoozc9zecattWjdA,34.14544,-118.0006,Diner,4.0,,4b79be96f964a520350f2fe3,2,16,28,18,8.3
1282,Montebello,34.0159398,-118.111975,Nevera Juice Bar,-Hg250JjOyrglDDYaN-l8A,34.0111,-118.10795,Middle Eastern,4.0,,4b0b3996f964a520fe2e23e3,2,40,22,15,8.4
1283,Montebello,34.0159398,-118.111975,Polly's Pies Restaurant,4esnRxLnSnEvgHH3-hDgQA,34.018926,-118.112614,American,4.0,,4b73208af964a520eb9c2de3,2,37,44,15,7.5
1321,Montecito Heights,34.0970707,-118.20293214601881,Jenkins Jellies,AkoVFlqRg4CxaiHdXY1NsA,34.0992944730785,-118.204062838081,Park,5.0,$$,4b508170f964a5206e2527e3,[],17,20,5,7.5
1322,North Hollywood,34.1729044,-118.3740371,Fatburger,plapL0yb68wZZCJkt545GQ,34.172383,-118.370553,Restaurant,3.0,,5e0e40ea342fd400088598af,2,0,0,0,[]
1324,North Hollywood,34.1729044,-118.3740371,NoHo Farmers Market,_RekMdPs5ATMFN7EJndDHw,34.1676768455788,-118.37744921679,Coffee Shop,4.0,,58740e4004ab1a2d3293ae51,1,35,44,8,8.2
1325,North Hollywood,34.1729044,-118.3740371,McDonald's,LFQBc2-d4jDfBBzp40CYfw,34.172471,-118.3722633,Fast Food,1.5,,4b6e4c3ef964a520f5b62ce3,1,15,36,9,5.6
1329,Northridge,34.2345615,-118.5369316,Fishbowl Poke Co.,HyKshCPtvbhJch2U8m6Dbg,34.2355849,-118.5346479,Asian,4.0,,506c85f4e4b02757fa9008f2,2,25,36,10,6.6
1330,Northridge,34.2345615,-118.5369316,Boba My Tea,GP3B75ShEHl9fifQNtiApA,34.235783,-118.5346833,Asian,4.0,,506c85f4e4b02757fa9008f2,2,25,36,10,6.6
1334,North Whittier,33.9708782,-118.0308396,Sala Coffee,uh7D6gT5Bm_r4OwxzaSlYA,33.971682,-118.032929,Coffee Shop,5.0,$,5cf2bf7f471d6e002c47e293,1,0,1,0,[]
1374,Palms,34.0252995,-118.4087794,C&M Cafe,zbaVy3gksWXro0XBIv_IXQ,34.0260391235352,-118.41227722168,Japanese,4.0,,4d8561f28de9721ee64e4651,4,99,216,40,9.0
1375,Palms,34.0252995,-118.4087794,Lokal Sandwich Shop,8MWrkPQwnHUTnRxhBWa6_Q,34.02908,-118.41166,Indonesian,4.5,,4acea86bf964a52098d120e3,2,187,324,82,8.8
1376,Palms,34.0252995,-118.4087794,Kogi Taqueria,4naS3jOXLWXpAGOHlldeSQ,34.0245048089441,-118.411181166243,Tacos,3.5,,5716f1a9498e3994a07386b8,1,75,60,22,8.5
1377,Palms,34.0252995,-118.4087794,Burrata House,lNE4CZLrLXRPhqi7KcyjfA,34.0298228,-118.4106966,Irish,4.5,,4a8ba975f964a520b30c20e3,1,47,102,18,7.3
1379,Palms,34.0252995,-118.4087794,Jennifer Pennifer Bakes,dxMAYRjAXMcyBMBuFPMA3w,34.0286846,-118.4114692,Indonesian,4.0,,4acea86bf964a52098d120e3,2,187,324,82,8.8
1380,Palms,34.0252995,-118.4087794,Motor Avenue Farmers Market,JVVqPDj2BzENIdYnm-PdMQ,34.029167175293,-118.410705566406,Indonesian,4.0,,4acea86bf964a52098d120e3,2,187,324,82,8.8
1381,Palms,34.0252995,-118.4087794,BuddyPops,JmTbSpnN7WFO98R9qYvJmw,34.0291522973146,-118.410854078829,Indonesian,4.0,,4acea86bf964a52098d120e3,2,187,324,82,8.8
1440,Pasadena,34.1476452,-118.1444779,Tiffany's Coffee,wuclhUNQATpeAR8kK1ZXSQ,34.1459549,-118.14496,Asian,4.0,,54b33701498e65df2450621a,2,73,87,13,8.3
1441,Pasadena,34.1476452,-118.1444779,Ambrose Cafe,z73hkrG-BS_GsEeQ1hj8cg,34.14984,-118.14008,Burgers,4.5,,50088efae4b04e64f057c74e,1,75,71,22,7.5
1443,Pasadena,34.1476452,-118.1444779,Copa Vida,crHlEGii_Wimhwwhq6yPig,34.1446915,-118.1487579,Coffee Shop,4.0,,51ec74a3498e969476e3b76c,2,374,541,96,8.9
1444,Pasadena,34.1476452,-118.1444779,Home Brewed Bar,lW0RlsoTxHYLjUXlr4LnYQ,34.1466421670749,-118.147850489477,Tacos,4.5,,49fc0121f964a520846e1fe3,1,208,255,88,8.6
1445,Pasadena,34.1476452,-118.1444779,Europane,onFR_jitsnhj_TnDHdiJ-w,34.14623,-118.14343,American,4.0,,4705407ff964a520574b1fe3,2,259,595,113,7.9
1446,Pasadena,34.1476452,-118.1444779,BJ's Restaurant & Brewhouse,4Rs_S2Q21A1K4yuzpahFsQ,34.145628,-118.1456357,Asian,3.0,,54b33701498e65df2450621a,2,73,87,13,8.3
1448,Pasadena,34.1476452,-118.1444779,Vanilla Bake Shop,fMdJcAgOq6QBRgUes-VSwg,34.1456260337251,-118.148617856205,Coffee Shop,4.0,,4c26a6ec905a0f47afbc6360,1,425,984,180,8.7
1449,Pasadena,34.1476452,-118.1444779,Swedish Scoops,5dOkoxririj1hn9AxWvSLQ,34.14634,-118.14862,Coffee Shop,4.5,,4c26a6ec905a0f47afbc6360,1,425,984,180,8.7
1452,Pasadena,34.1476452,-118.1444779,Tea Rose Garden,ofw4trv073wFXdiJs_wBQQ,34.1470714,-118.1485992,Japanese,3.5,,51d7a0b6498e1a112cba38b9,3,104,223,23,9.4
1513,Pico-Union,34.0410725,-118.2844478740696,La Flor De Yucatan Catering & Bakery,GH7TrdHl9c8GcuAJPI5DHQ,34.0415458679199,-118.283851623535,Mexican,4.0,$,4cad038376d3a0939bb7366b,1,5,8,6,7.3
1514,Playa del Rey,33.9550828,-118.4367496,Dales J'r Market,0dh_MnyVLavG3LosYXG05A,33.9589614868164,-118.437850952148,Donuts,4.0,$$,4b802c7ff964a520405930e3,1,21,25,10,7.5
1525,Reseda,34.2000784,-118.5369884,Aura's Xquisit Food Xotic Juices,4GTls2S5EmzeDvWDju2Pmg,34.2013149,-118.5340147,Chinese,4.0,$,4ba68857f964a520ab5b39e3,2,13,18,7,5.9
1526,Reseda,34.2000784,-118.5369884,La Michoacana Mexican Ice Cream,rQuiKBAknMBRQm7NoUotYw,34.20143,-118.53686,Vietnamese,4.5,$,4a6fccf3f964a520ffd61fe3,1,55,114,24,7.7
1527,Reseda,34.2000784,-118.5369884,Bangluck Market New,83JvFKhWcVbLjQ-L-DQU3Q,34.20224,-118.53644,Vietnamese,3.5,$,4a6fccf3f964a520ffd61fe3,1,55,114,24,7.7
1619,San Gabriel,34.0991325,-118.1086041,Punjab Indian Market and Cuisine,-Zvw7Gzw8PFZpKPCyCr_Ww,34.1021957,-118.1090884,Chinese,4.5,$,5c3e357a037be1002c3ad1e3,1,5,44,1,6.9
1621,San Gabriel,34.0991325,-118.1086041,Bopomofo Cafe,57ty0DgdSar6AiLbJGyiJw,34.10233,-118.111865,Coffee Shop,4.0,$,5c44fb621ffed7002c2c733e,1,12,40,4,8.0
1622,San Gabriel,34.0991325,-118.1086041,Mitsuwa Marketplace,PqwNHJcAu-Io6XQ5Vhs1vw,34.10281,-118.10682,Chinese,3.5,$$,4b1dcb1ff964a520611524e3,3,191,568,73,8.6
1623,San Gabriel,34.0991325,-118.1086041,Labobatory,psXgyblQ-FOOZJc8wnAT0w,34.1023575,-118.1116016,Coffee Shop,4.0,$,5c44fb621ffed7002c2c733e,1,12,40,4,8.0
1624,San Gabriel,34.0991325,-118.1086041,D'ange Bakery,OB5bNPEhtUVOOPYRV-IG7g,34.10202,-118.11121,Coffee Shop,4.0,$$,5c44fb621ffed7002c2c733e,1,12,40,4,8.0
1625,San Gabriel,34.0991325,-118.1086041,Nomad Ice Pops,8a2xeM3iuVwTATYBkggJrg,34.0968003114672,-118.108250275254,Sandwiches,4.5,$,4c0e9be9336220a1817ecc77,1,7,6,8,8.1
1627,San Gabriel,34.0991325,-118.1086041,Yama Seafood,9L6TTPOMbwtWNjW3Ig3pHg,34.102393,-118.112663,Coffee Shop,4.5,$$,5c44fb621ffed7002c2c733e,1,12,40,4,8.0
1628,San Gabriel,34.0991325,-118.1086041,Factory Tea Bar,-TQa5H5S7MRSyYjwTSpe3g,34.09756,-118.10917,Coffee Shop,4.0,$,4e3c8bacd22d102e85362c89,1,99,295,50,7.3
1629,San Marino,34.1215947,-118.1057394,Garnish Cafe,tQwdbDfdlHOMcWMBNeoBVQ,34.122473,-118.105399,Coffee Shop,4.0,,4b0ea446f964a520375923e3,1,44,74,10,8.3
1630,San Marino,34.1215947,-118.1057394,Sweet & Savory,H4VtkVNEO3BEOkVpfZVG-g,34.1211308,-118.1070911,Seafood,4.0,,4b6e275ff964a52039ae2ce3,3,25,37,13,8.0
1631,San Marino,34.1215947,-118.1057394,Swirlz Soft Serve Parlor,yOkx2nyKN6E5DRITM8XINQ,34.1211304,-118.1073501,Seafood,4.0,,4b6e275ff964a52039ae2ce3,3,25,37,13,8.0
1651,Santa Monica,34.0250724,-118.4965129,SuperFood Cafe,FIfvRlTL50Gz__qxo6nTtQ,34.020383976939,-118.496446094429,Coffee Shop,4.0,$$,563683bd498e2c8761eb2ede,2,348,362,89,9.1
1652,Santa Monica,34.0250724,-118.4965129,Backyard Bowls,sk9LWnfL3NzxY5Gb9zAlYA,34.01985,-118.49311,Asian,4.5,$$,5580cfe3498eb8ba1ca0874a,3,276,185,58,9.0
1653,Santa Monica,34.0250724,-118.4965129,Kreation Organic Kafe,UUg-Ji6mNd6mPNMrJaeneQ,34.02981,-118.49856,Gastropub,3.5,$$,3fd66200f964a52002f01ee3,2,373,619,203,8.3
1654,Santa Monica,34.0250724,-118.4965129,Sidecar Doughnuts & Coffee,qjgmn0KVwBwm8rvynEQsVQ,34.021412,-118.49598,Coffee Shop,4.5,$$,563683bd498e2c8761eb2ede,2,348,362,89,9.1
1655,Santa Monica,34.0250724,-118.4965129,Caffe Luxxe,JL9lJwDzsjQ-du3a1JL_SA,34.0290275,-118.4993425,Gastropub,4.0,$$,3fd66200f964a52002f01ee3,2,373,619,203,8.3
1656,Santa Monica,34.0250724,-118.4965129,Holy Grounds at St. Monica,nHZoD1JGLt0wrO2R41Dtiw,34.0234023,-118.4966279,Coffee Shop,4.5,$,52bb271b498e72d597fcad95,1,4,9,2,5.9
1657,Santa Monica,34.0250724,-118.4965129,Huckleberry,U-eD6s4ZChBN84REvAcBsA,34.02399415592,-118.49216502725,Coffee Shop,3.5,$$,49d046d0f964a520185b1fe3,2,532,664,267,8.8
1659,Santa Monica,34.0250724,-118.4965129,Planet Smoothie and Tasti D-Lite,5M1doUV-6xL4WUI9COqy0w,34.020267,-118.496422,Mexican,4.5,$,58f96576f0ca9540b1151125,2,81,32,6,9.1
1660,Santa Monica,34.0250724,-118.4965129,Santa Monica Seafood Market & Cafe,iadn-cw8FdXPkjah8_nl1w,34.0236904,-118.4923282,Coffee Shop,4.0,$$,49d046d0f964a520185b1fe3,2,532,664,267,8.8
1661,Santa Monica,34.0250724,-118.4965129,John Kelly Chocolates,LQSJI8LDEeFu91exKNSsOA,34.0301701426506,-118.497778773308,Gastropub,4.5,$$$,3fd66200f964a52002f01ee3,2,373,619,203,8.3
1669,Sherman Oaks,34.1508718,-118.4489865,Happy Days Cafe,XQHfN8Fq68XdSJCQ6J-AYA,34.1509209,-118.450592,Pizza,4.0,$,557cfd28498e77dcb951da79,2,109,97,21,8.8
1670,Sherman Oaks,34.1508718,-118.4489865,Ubatuba Acai X - Sherman Oaks,NshaBuh-F7F7FCE9fhs_IQ,34.1511421,-118.447137,Snacks,4.5,$$,5bfa3379e0c0c9002ce9cb6b,1,0,0,0,[]
1671,Sherman Oaks,34.1508718,-118.4489865,Juice Crafters,HrrQ19VwlVTYcpgv6Gh4eg,34.150913,-118.450531,Pizza,4.0,$,557cfd28498e77dcb951da79,2,109,97,21,8.8
1673,Sherman Oaks,34.1508718,-118.4489865,Paradis Sherman Oaks,jUJqX9GSwHXZv6NlXaxt-A,34.15069,-118.44921,Breakfast,5.0,$,4a47dd91f964a52034aa1fe3,2,245,534,129,8.0
1674,Sherman Oaks,34.1508718,-118.4489865,The Dolly Llama,0RjC8kvCsmFm0eLi26O3DA,34.1515000618176,-118.450270146132,Coffee Shop,4.0,$,554d8efb498e53034f8e640c,1,22,25,8,8.2
1675,Sherman Oaks,34.1508718,-118.4489865,New York Bagel Cafe,_jsDkvrumcVx54ER0MywAA,34.1508844052384,-118.447094925964,Snacks,3.5,$,5bfa3379e0c0c9002ce9cb6b,1,0,0,0,[]
1676,Sherman Oaks,34.1508718,-118.4489865,Juice Budz,0Y-iymeWMqWPO0N_zQuUTw,34.1501807,-118.4490107,Breakfast,4.5,$$,4a47dd91f964a52034aa1fe3,2,245,534,129,8.0
1680,Sherman Oaks,34.1508718,-118.4489865,SanSai Japanese Grill,Xs7jw9YKGFWjFO12I3thHA,34.15011,-118.44558,Donuts,4.0,$,4bd106da046076b0864b7171,1,6,7,4,7.8
1681,Sierra Madre,34.1616729,-118.0528456,Syndicate,fqOC4J0MyfNBjZLcJMHQzw,34.161613,-118.053222,Coffee Shop,5.0,,5d87b7ee65abc90008d09ebd,1,1,7,0,[]
1683,Sierra Madre,34.1616729,-118.0528456,Coffee.jpg,FJ7No1DI3kH_D_j9RVKK7Q,34.1618400157954,-118.055769704907,American,4.5,,4ad0c70ef964a520bbd920e3,2,29,37,17,8.1
1684,Sierra Madre,34.1616729,-118.0528456,Bean Town,UaJTMSwwhVYjhP-yxkjNuw,34.1628077573199,-118.052882731237,Coffee Shop,4.0,,4aac9d74f964a520595e20e3,2,30,65,9,8.1
1685,Sierra Madre,34.1616729,-118.0528456,Yogurt & More,R8WIBMu6HLwpdUarNTRNYg,34.1623435000971,-118.052966744638,Coffee Shop,4.0,,5d87b7ee65abc90008d09ebd,1,1,7,0,[]
1686,Sierra Madre,34.1616729,-118.0528456,Taylor's Ol’ Fashioned Market,p_M4X5nbdpWgX73jOKEyxg,34.1616491,-118.0544685,Coffee Shop,4.5,,5d87b7ee65abc90008d09ebd,1,1,7,0,[]
1687,Sierra Madre,34.1616729,-118.0528456,Mother Moo Creamery,8owwP-jrmyd4WXvomSYgiw,34.1621805366252,-118.053220037447,Coffee Shop,4.5,,5d87b7ee65abc90008d09ebd,1,1,7,0,[]
1688,Sierra Madre,34.1616729,-118.0528456,The Four Seasons Tea Room,BhBg6hZ9kxxoiz-StsxLXw,34.1633514441325,-118.052796599141,Coffee Shop,4.0,,4aac9d74f964a520595e20e3,2,30,65,9,8.1
1705,Silver Lake,34.0896518,-118.2693735,Botanica Restaurant & Market,9qDA6kGLxuZ0bOSYWet4uA,34.08847,-118.26875,Coffee Shop,4.0,$$,4a071c3af964a52028731fe3,2,358,507,160,8.3
1706,Silver Lake,34.0896518,-118.2693735,Lamill Coffee Silverlake,etpDBsakwree7-KJpGRXwQ,34.0888256541986,-118.268687480195,Coffee Shop,3.5,$$,4a071c3af964a52028731fe3,2,358,507,160,8.3
1707,Silver Lake,34.0896518,-118.2693735,Milk,l6DhrojlmI6qNtb2aCs1nw,34.0890402394026,-118.268925043946,Coffee Shop,4.0,$$,4a071c3af964a52028731fe3,2,358,507,160,8.3
1734,South Gate,33.9463456,-118.200981,Lucky,uNLYfL8Ft5GkpRf3TTimkg,33.9442329406738,-118.19864654541,Mexican,2.0,$$,55fa1cf5498ee86a4d93c1fb,1,0,1,0,[]
1737,South Park,34.0404069,-118.2665377,barcito,C-j3SzdHGOIrewm6T-qrCQ,34.040358,-118.2634197,Mexican,4.0,,4b8958fcf964a520be2d32e3,1,10,9,6,6.7
1739,South Park,34.0404069,-118.2665377,Nimbus Coffee,ehKEcixcAJl7BZz8dbTMtQ,34.041887,-118.263719,Coffee Shop,3.5,,5d0d1eaca24dd700233e73e5,1,2,4,2,[]
1740,South Park,34.0404069,-118.2665377,illy Caffè,UaXtosUB1zSFbeudnu6yog,34.044682,-118.266189,American,3.5,,49f8d830f964a5202c6d1fe3,2,801,1410,226,8.5
1741,South Park,34.0404069,-118.2665377,Groundwork Coffee,pLVrR0IACPyqL4PyO007Zw,34.0401988,-118.2695539,Cafeteria,2.0,,5291296c498ec7be2233de01,[],0,0,0,[]
1745,South Park,34.0404069,-118.2665377,Dogtown Dogs Truck,QvsJ2_K4KEdlLMSGxqgaUg,34.0387725830078,-118.26114654541,Coffee Shop,2.0,,4a7b590bf964a520beea1fe3,1,26,37,13,7.5
1747,South Pasadena,34.1133062,-118.1478291,Two Kids Coffee,i5TOXcwLUKW5P7bqywvhOw,34.1159549,-118.151418,Coffee Shop,4.5,,57daea8b498e7acddbe061cd,1,6,12,5,7.1
1753,South Pasadena,34.1133062,-118.1478291,Bristol Farms South Pasadena,r1IHWTjOUcJxUT02mTe5ZQ,34.1187651,-118.149906,Diner,3.5,,4b6328f7f964a52050672ae3,1,31,62,14,7.3
1763,South San Gabriel,34.0625103,-118.0903465,New Star Thai,KcUBK_rc_xanV0Us1KT3-g,34.0607519963472,-118.091149516404,Chinese,4.0,$,524736cd11d25cf8139909e4,1,21,37,10,7.1
1764,South San Gabriel,34.0625103,-118.0903465,Los Toros Meat Market,k6WMYIpedVULsB6oG-M3uQ,34.0621,-118.08972,Coffee Shop,4.5,$$,4aa68b5cf964a520244a20e3,2,39,41,16,7.5
1765,South San Gabriel,34.0625103,-118.0903465,Banh Mi Saigon 168,nTcOKWTQBAaxP8_6m_763Q,34.0625151,-118.0916863,Chinese,3.0,$,5c856b66e7065500257dedb8,1,0,1,0,[]
1770,Studio City,34.1483989,-118.3961877,Royalty Juice Bar & Cafe,I-Z7qX2kqyeDrlOKJAK_MA,34.1431480265079,-118.392352596998,Coffee Shop,4.5,,5cacadd4fe3740002c4a0aa0,1,6,10,2,8.2
1774,Studio City,34.1483989,-118.3961877,Comoncy,Ekan0eMpK7vPdSg5WxuW3A,34.1433731,-118.4003645,Mediterranean,4.0,,58ee869b4287c928e7a6fc12,2,2,1,1,[]
1797,Sun Valley,34.2175042,-118.3703576,RJM Mexican Grill,KcKsfJohv4QPzm7o6_nZRQ,34.21910267,-118.36965,Mexican,4.5,$$,4b884a59f964a520fdec31e3,1,5,12,2,[]
1815,Tarzana,34.1715875,-118.5428414,La Croi,Wb8e3gp3mabVQ3IowzyIvg,34.1708,-118.54019,Mexican,4.5,,4f07999be4b000dd7496d76c,1,14,33,8,7.0
1816,Tarzana,34.1715875,-118.5428414,Ubatuba Açai - Tarzana,msvtvdPAV9MNg9ZDVl4dbg,34.1706085,-118.5397034,Sandwiches,4.5,,4fbdacfbe4b0874e96dd4cae,2,81,59,26,9.1
1817,Tarzana,34.1715875,-118.5428414,Pozi's Fresh Grill,QIREwytSPatqXp44EcP_jw,34.1705830567193,-118.539737480343,Sandwiches,4.5,,4fbdacfbe4b0874e96dd4cae,2,81,59,26,9.1
1820,Tarzana,34.1715875,-118.5428414,Poke LA,LMJY6hYpdaRgQ61rEO4OVQ,34.1703910827637,-118.540382385254,Mexican,5.0,,4f07999be4b000dd7496d76c,1,14,33,8,7.0
1825,Temple City,34.1082994,-118.0577568,Temple City Farmers' Market,JnxU3RkOpOYfJZ0aF-Q2mw,34.10768,-118.05786,Vietnamese,3.5,$,4d4da95b80cb6dcbf61e1301,1,56,99,17,7.6
1826,Toluca Lake,34.14678565,-118.34909242125983,Lemonade,Kopi9gfzJWnoSC2IJ34O8w,34.1520512,-118.347716,Bagels,4.0,$$,5dc7168a20614900083621df,1,1,6,0,[]
1828,Toluca Lake,34.14678565,-118.34909242125983,Priscilla's Gourmet Coffee Tea & Gifts,RWrk4LNFD4hTDbIKMlor4w,34.1519774,-118.3447847,Coffee Shop,4.0,$,4a95cb64f964a520b92420e3,1,88,241,31,7.6
1829,Toluca Lake,34.14678565,-118.34909242125983,Robeks Juice,warWu45ii3R145dFQIiarA,34.1520701,-118.347262,Bagels,4.0,$,5dc7168a20614900083621df,1,1,6,0,[]
1830,Toluca Lake,34.14678565,-118.34909242125983,Honey Baked Ham Company,ZA4IkmcXjRrNylcUsNrAfQ,34.1520440166541,-118.350953201459,Coffee Shop,4.0,$,4b27031cf964a520068424e3,1,41,50,9,8.2
1832,Tujunga,34.252225,-118.2884105,Chicks N Cows,zMYCfH105mjuzWdSJuRcbQ,34.2491471,-118.2894749,Pizza,5.0,,4d41f03daed776ebb04a6997,1,0,3,1,6.5
1833,Tujunga,34.252225,-118.2884105,Ararat Bakery,41b04iqhI9Z-pqp85EuNiA,34.247799,-118.286387,Pizza,2.5,,530a2ec711d200e772358126,1,1,6,0,[]
1834,Universal City,34.1412926,-118.3584364,Hollywood & Dine,XZNkkWQx-9o84-LDK_SSJw,34.1375078959145,-118.35502622835,Coffee Shop,2.0,$$,4f86123fe4b0ba04587aa441,1,118,116,8,8.2
1835,Universal City,34.1412926,-118.3584364,Gru's Lab Cafe,q5c_RPZ8fJ2TC-CZJWN55Q,34.1382700203217,-118.355975076556,Coffee Shop,3.5,$$,4f86123fe4b0ba04587aa441,1,118,116,8,8.2
1836,Universal City,34.1412926,-118.3584364,Menchie's,IBh2GVwSMa_K2lwB6MQbtw,34.1372462,-118.3580959,New American,3.5,$$,4bac04a0f964a5206ede3ae3,3,24,120,16,7.3
1837,Universal City,34.1412926,-118.3584364,Mel's Diner,RaVw73sJaLSA_qEHEgzPig,34.1385837510159,-118.355493037851,Coffee Shop,2.0,$$,4f86123fe4b0ba04587aa441,1,118,116,8,8.2
1854,University Park,34.128292200000004,-117.88555659478959,The Cake Mamas,3ye0mpq8jD3Etl4kWis4lg,34.1291647,-117.8811384,Cupcakes,4.0,,4c9e74b1ca44236a671b2b99,1,18,47,22,7.6
1856,Valley Glen,34.1826379,-118.4138666,Boba Cha Cha,poTdvCAz2ntfj3D1dw59Aw,34.1865451,-118.41412,Coffee Shop,4.5,$,4a4457c7f964a52078a71fe3,2,52,77,22,6.4
1857,Valley Glen,34.1826379,-118.4138666,Poke Home,nffvoO9E8IPiXHqw4ieebQ,34.1868149,-118.4161325,Mexican,4.0,$$,4b20d180f964a520c63424e3,1,9,14,8,5.9
1858,Valley Glen,34.1826379,-118.4138666,Papillon International Bakery,Sy1g8UTGoYFolES9nCjLKA,34.1863898679043,-118.414229920958,Coffee Shop,4.0,$,4a4457c7f964a52078a71fe3,2,52,77,22,6.4
1860,Valley Village,34.1637147,-118.3965758,Deja Vu Cakes,07c_AEDyrHH5QXFV0AK-9A,34.1584262,-118.3963551,Coffee Shop,5.0,,4af4778af964a520cdf221e3,2,82,122,19,7.0
1864,Valley Village,34.1637147,-118.3965758,Royal Macaron,UWUcFMOGXKHk7f_bkJi_hA,34.165436,-118.3966349,Sushi,4.5,,4b494a9bf964a520976c26e3,2,26,18,17,8.1
1879,Valley Village,34.1637147,-118.3965758,Menchie's Frozen Yogurt,-lAV6oVjSsLpSqZVCMoMEg,34.1591154,-118.3966614,Sushi,4.0,,4ae76ceef964a52030ab21e3,2,15,28,19,7.8
1880,Valley Village,34.1637147,-118.3965758,Phillyfornia,AEKh9Y2IbAqzEyDeK57SKg,34.1718263,-118.3792705,Diner,3.5,,4aee5113f964a5208ad321e3,1,42,110,27,5.7
1909,Van Nuys,34.1866581,-118.448729,Baked It Myself,VEIJjk_gxiIKNkHFo6BGQQ,34.18394,-118.45023,Indian,4.5,$$,56424a2e498ec6cc2b10bbf9,2,0,0,0,[]
1911,Van Nuys,34.1866581,-118.448729,La Bona Energia,I43rIaFu6DFNHdPFip_X2Q,34.1893202,-118.4488649,Fast Food,4.5,$,4b9fe7edf964a520594937e3,1,6,4,1,6.2
1912,Venice,33.995044,-118.4668875,Locali,UVzESF0bwfuAXcZj8FBoYw,33.999336,-118.464747,German,4.0,,4e3db435d22d102e8545e7e3,2,650,1053,197,9.2
1913,Venice,33.995044,-118.4668875,Four Sigmatic,w_pynhCaU_KZqThFkvMt2w,33.9896143,-118.4633189,Restaurant,4.5,,5c957a8361f070002c0bfe4d,2,13,23,3,8.5
1914,Venice,33.995044,-118.4668875,Kreation Organic Kafe & Juicery,MIkJ7YZ33KhvQoG1nWXawA,33.9911811,-118.4691205,Vegetarian / Vegan,3.5,,56674ce0498e53681084b32b,2,377,439,83,8.9
1915,Venice,33.995044,-118.4668875,Sweetfin Poke,ZHVfue4z20WaadIYKHSJdg,33.9913160992165,-118.469202314044,Vegetarian / Vegan,4.0,,56674ce0498e53681084b32b,2,377,439,83,8.9
1916,Venice,33.995044,-118.4668875,Wanderlust Creamery,_i5E3NvaZFuSkykJX1by0g,33.99992,-118.46543,German,4.5,,4e3db435d22d102e8545e7e3,2,650,1053,197,9.2
1917,Venice,33.995044,-118.4668875,The Gluten Free Goddess Bakery,ywM5ni27dwlOYOyG4Wez0w,34.0003699,-118.47027,Coffee Shop,4.0,,49dbea78f964a520295f1fe3,1,207,169,68,8.8
1918,Venice,33.995044,-118.4668875,Cha Cha Matcha,k4Io9pFCaDnVr_uIrznbBQ,33.990729,-118.4657979,Coffee Shop,4.0,,49ee2919f964a5202e681fe3,1,1292,2257,413,9.1
1919,Venice,33.995044,-118.4668875,OWL Venice,npHDeCJfV0FvtZ77F8ZmHA,33.9899591,-118.4635284,Restaurant,5.0,,5c957a8361f070002c0bfe4d,2,13,23,3,8.5
1921,Venice,33.995044,-118.4668875,El Primo Tacos,isByA9pvNBtUa4Joi60O5w,33.998511,-118.462557,Food Stand,5.0,,57b01e52498e92e219b9d220,[],17,10,9,8.3
1923,Venice,33.995044,-118.4668875,Blue Star,zlSkvwIPtqwaUadSzUQdiA,33.9913373,-118.4693163,Vegetarian / Vegan,3.5,,56674ce0498e53681084b32b,2,377,439,83,8.9
1924,Venice,33.995044,-118.4668875,SHUHARI Matcha Café,4AirRyD2F5KeqG-QMqzvvA,33.98987,-118.46415,New American,3.5,,4a6bdc59f964a52020d01fe3,3,1788,1516,610,9.2
1925,Venice,33.995044,-118.4668875,First Friday,2fzERuhrseJSuX1pEXu7fA,33.990139,-118.4649124,New American,4.0,,4a6bdc59f964a52020d01fe3,3,1788,1516,610,9.2
1926,Venice,33.995044,-118.4668875,Intelligentsia Coffee,icILg5ldf5WIjlnpPscupg,33.9911274827049,-118.466910540573,Coffee Shop,4.0,,49ee2919f964a5202e681fe3,1,1292,2257,413,9.1
1928,Venice,33.995044,-118.4668875,Valentino's Market/Tacos,303m7HPFSLkIP-J8lKK2Bg,34.0002571567222,-118.464570534894,German,5.0,,4e3db435d22d102e8545e7e3,2,650,1053,197,9.2
1929,Venice,33.995044,-118.4668875,Mon Petit Poulet,Xa7zXAjsAB8GPqjubR2w9w,33.9995394,-118.4644203,German,4.5,,4e3db435d22d102e8545e7e3,2,650,1053,197,9.2
1934,Venice,33.995044,-118.4668875,TOMS,5ZTLm5kaOm9QdoYvqi4Gug,33.9906368,-118.4666747,Coffee Shop,4.0,,49ee2919f964a5202e681fe3,1,1292,2257,413,9.1
1935,Venice,33.995044,-118.4668875,Boca De Agua,inOajx0BL0n2rFhvsYk8NA,33.991806,-118.469683,Coffee Shop,4.5,,4b4ca899f964a52043b926e3,1,413,490,74,9.1
1951,Vermont Vista,34.1816075,-118.1629968,Lincoln,IcRzqqfup9TMdMlF8rS2Sg,34.17998,-118.15933,Coffee Shop,3.5,$$,544c0db8498e300a736e4571,1,120,122,37,9.0
1952,Vermont Vista,34.1816075,-118.1629968,Tacos Poncitlan,yFCGY4LPQkZ7xMdtsftQZw,34.1851014093975,-118.159918612862,Chinese,4.5,$,4b62526cf964a5202c422ae3,1,7,7,1,7.0
1953,Vermont Vista,34.1816075,-118.1629968,Perry's Joint,f2eQfOofWFEKaFQKoxahog,34.1810763,-118.1598049,Coffee Shop,4.5,$$,5d9dff45f2a44300084e54ea,1,2,2,2,[]
1954,Vermont Vista,34.1816075,-118.1629968,Super King Markets,2Nq19gnuFDLGRXl8tJxp9g,34.1843999,-118.15931,Chinese,3.5,$,4b62526cf964a5202c422ae3,1,7,7,1,7.0
1956,Walnut Park,33.9687956,-118.220493,Root of Life Juicery,6wNQX1lyfqUfR_rij828Bw,33.9739821821265,-118.216723138144,Fast Food,4.5,$$,4c6f5226d7fab1f799505bc9,1,6,11,4,6.2
1957,Watts,33.9405674,-118.2428485,Watts Coffee House,jXlGcuFRUSBxm5ycg3UQOw,33.943472,-118.239854,Coffee Shop,4.0,$$,4bcb7fdeb6c49c743f5e9291,1,13,24,7,6.7
1969,Westchester,33.9597349,-118.4006322,Two Chicks in the Mix,rxeMibCTFpcWjL4AyZ8Caw,33.98662,-118.36492,Donuts,5.0,,4b7c34fef964a5207f842fe3,1,0,3,2,[]
2010,Westchester,33.9597349,-118.4006322,Hustle N Dough,bUkylDwlzjysKD3ezKHmoA,34.0389086,-118.232515,Coffee Shop,4.0,,52fcf9ab498e29e90ea6f33b,2,251,272,50,8.9
2012,West Hollywood,34.0923014,-118.3692894,Miss Melbourne Coffee,VNpXTrFvR5PVA62SwUaeLg,34.09041317,-118.3670785,Seafood,4.5,,5137926de4b08e9b2dbaa91a,3,346,612,156,8.6
2013,West Hollywood,34.0923014,-118.3692894,Earthbar West Hollywood,xv1hO3DclMdNR7Jn2QQRrA,34.0908149,-118.3721599,Mexican,4.0,,467e0740f964a5200e481fe3,2,106,157,55,8.2
2019,West Hollywood,34.0923014,-118.3692894,Rocking Popcorn,gKkvkHBSh9HkttTcvJBDlw,34.09635,-118.371281,Coffee Shop,5.0,,4aa2f63ff964a520c74220e3,1,54,65,16,8.0
2022,West Hollywood,34.0923014,-118.3692894,BodyFactory,l3lRYTRYpYwPYhuwccIQMg,34.0976736705399,-118.365096390248,Coffee Shop,3.5,,4aff4e38f964a520273722e3,2,44,88,14,7.2
2023,West Hollywood,34.0923014,-118.3692894,Humble Crust Pizza Truck,Pm_u80HVK00Y_dUJdkg-Nw,34.0477275,-118.3485724,American,4.0,,517dbf79498e199d4a334d8d,2,9,15,7,6.6
2038,West Hollywood,34.0923014,-118.3692894,Nicole Juicery,jQXNtf603Qc_Tw7yJYfZ6g,34.08943,-118.354584,Breakfast,4.0,,4cc1c6b582388cfa83835b35,1,0,0,0,[]
2052,West Hollywood,34.0923014,-118.3692894,Huitlacoche,KWKkQHHwVBPS_4abj-DaYw,34.0607156,-118.3449314,Breakfast,4.5,,595fe67c0a464d1ac17063dd,1,41,153,17,9.4
2057,West Hollywood,34.0923014,-118.3692894,Farmers Belly,5sdx2q0Rzh_W7NBz_VIaYQ,34.0990982055664,-118.330963134766,Asian,3.5,,58b38eb4fef5fa7793694e38,2,109,530,25,8.6
2062,Westlake,34.05815445,-118.27790740876873,LaRayia's Bodega,ewPQtax6421vXtzuJK2uAg,34.06274667,-118.28173333,American,5.0,$,4dec123845dd3993a8b68950,2,3,1,4,[]
2063,West Los Angeles,34.0463986,-118.448135,LA Prime Caffe,9JQd6auyDCCIj1luDkPfTg,34.0425665998108,-118.445278345403,Coffee Shop,5.0,,5b353c0c97cf5a003971c66d,1,19,18,4,8.1
2064,West Los Angeles,34.0463986,-118.448135,Trejos Tacos - Westside,Qz2YKAR_QALYisuA7WD5rw,34.045907,-118.4515095,Food Court,5.0,,5dffd71b9ad0bf0007c5ae7c,[],0,0,0,[]
2065,West Los Angeles,34.0463986,-118.448135,Chitchat Coffee and Matcha,z6JQcBzZmqqOtoacMpMmzw,34.04276,-118.4448,Coffee Shop,4.0,,5b353c0c97cf5a003971c66d,1,19,18,4,8.1
2066,West Los Angeles,34.0463986,-118.448135,Bar Hayama,p_Pbh9N75HLztzlEbsAhbA,34.0436696,-118.446341,Gastropub,4.0,,4f380f75e4b0d26ba1ab696f,2,526,787,169,8.3
2067,West Los Angeles,34.0463986,-118.448135,Sanook Soi 38,TyOQEM6cmj84j8GuK53m4Q,34.04586167,-118.45149833,Food Court,3.0,,5dffd71b9ad0bf0007c5ae7c,[],0,0,0,[]
2077,West Los Angeles,34.0463986,-118.448135,Simply Conscious Foods,yLx7oxZjGtswtURzcjLg2A,34.042507,-118.445389,Coffee Shop,1.0,,5b353c0c97cf5a003971c66d,1,19,18,4,8.1
2083,Westwood,34.0668947,-118.4399448,Ministry Of Coffee,C27AlKzYzTJwi3bNAWIXpQ,34.0621806,-118.4439215,Coffee Shop,3.5,$$,5a03d6b1e185f35dfd4dfe5a,1,41,69,12,7.7
2086,Westwood,34.0668947,-118.4399448,Kerckhoff Coffee House,OXSux90kup0AVKoqF2r_rA,34.0706034608698,-118.443313372293,Coffee Shop,3.5,$,4b5b9d04f964a520000b29e3,1,50,65,22,7.2
